Active,SKU,Existing QTY,New Qty,ScrappedName,ScrappedPrice
True,ZL7299R,20,10,H14R.2 Headlamp - Box / Rechargeable,$161.90
True,ZL7399R,20,10,H14R.2 Headlamp - Clam / Rechargeable,$161.90
True,ZL7297,19,10,H7.2 Headlamp - Box,$68.15
True,ZL7397,20,10,H7.2 Headlamp - Test It Clam,$68.15
True,ZL7298,20,10,H7R.2 Headlamp - Box / Rechargeable,$103.15
True,ZL7398,20,10,H7R.2 Headlamp - Test It Clam / Rechargeable,$103.15
True,ZL7058,20,10,L7 - Black / Test It Gift Box,$38.75
True,ZL7058YA,19,10,L7 High Visibility Yellow - Test It Gift Box,$38.75
True,ZL8402,20,10,P2 - Box,$20.00
True,ZL8602,0,0,,
True,ZL8404,20,10,P4 - Box,$26.90
True,ZL9407Q,20,10,o P7QC Quattro Colour -Box,$89.40
True,ZL6103,20,10,SEO 3 - Green / Clam Pack,$47.50
True,ZL6105,20,10,SEO 5 - Grey / Clam Pack,$63.75
True,ZL6106,20,10,SEO 5 - Red / Clam Pack,$63.75
True,ZL9807M,0,0,T7M - Box,$88.75
True,ZL9421,0,0,,
True,ZL7708,20,10,o Batteries 4xAG13,$2.50
True,ZL7784,16,10,Battery Pack / SEO / MH6 headlamps (no cable),$18.75
True,ZL7799PT,20,10,"Bike Clamp MT10/P7.2,T7M,M7R,M7R M7,L7,L6,L5,X7R",$6.90
True,ZL0380,20,10,Car Adaptor M7R/P5R/ H7R.2/ X7R/ M7RX/H14R.2/P7R,$12.50
True,ZL0386,19,10,Car Charge AdaptorX21R.2/P17R/ M17R/XEO19R/i9Riron,$13.75
True,ZL0389,19,10,Charger USB Plug & Micro USB SEO/H14R.2/H7R.2/iH6R,$21.25
True,ZL0382,19,10,Floating Charge Cradle P7R incl. USB cable,$27.50
True,ZL0381,19,10,Floating Charge System for P5R USB cable/cradle,$21.25
True,ZL0342,20,10,Hard Sheath (Pouch) for M7R/M8/P7R,$5.00
True,ZL0334,20,10,o Hard Sheath (Pouch) for P14,$6.25
True,ZL0337,0,0,,
True,ZL0333,19,10,Hard Sheath (Pouch) for P7/MT7/L5/L7,$6.25
True,ZL0377,19,10,o Headband to fit SEO blue,$11.25
True,ZL0376,20,10,o Headband to fit SEO red,$11.25
True,ZL0373,20,10,o Headband to fit SEO green,$11.25
True,ZL7703,4,10,Battery ICR14500 / P5R (P5R.2),$17.50
True,ZL0316,20,10,o Intelligent Clip for 3AAA,$8.75
True,ZL0319,20,10,o Intelligent Clip for D Cell,$8.75
True,ZL0317,19,10,"Inteli Clip P7,P7R,M7,M7R,M7RX,MT7,M8,L7,X7R,T7",$8.75
True,ZLLL9747L0,11,10,"Magnet Charging Cable Red M7R&X7R,M7RX (USB)",$15.00
True,ZLLL9748L0,16,10,Magnet Charging Cable for P5R/P5R.2 (USB),$13.75
True,ZL148021,20,10,"Rifle Mount, Anodized Alum / P7. MT7 dia",$36.90
True,ZL0362,20,10,"Rifle/Universal Mount, Plastic for P7 & MT7",$10.00
True,ZL0312,20,10,o Roll Protector for X21,$6.25
True,ZL0042,20,10,Signal Cone for M17R/P17R/P17.2/T14/T16,$6.25
True,ZL0041,20,10,o Signal Cone for TT / Police Tech Focus,$5.00
True,ZL0361,20,10,Tailcap with Remote Pressure Switch for P7/P7.2,$20.00
True,XK1003153,-2,0,,
True,YL831937,0,0,,
True,YL831939,0,0,,
True,YL831943,0,0,,
True,YL850012N,20,10,MUT - Stainless w/MOLLE Sheath - Box,$262.50
True,YL850022N,19,10,MUT - Black w/MOLLE Sheath - Box,$262.50
True,YL850032N,20,10,MUT EOD - Black w/MOLLE Sheath - Box,$254.38
True,YLA930350,20,10,Cuttr Inserts HW MUT/ST300/OHT/Rebar/Surge-Stnless,$14.38
True,YLA930374,19,10,Accessory Kit - MUT Black,$30.63
True,YLA930370,20,10,Accessory Kit - MUT EOD / ST300 EOD,$30.63
True,YLA931015,20,10,Bit Driver Extender - Black,$30.63
True,YLA931009,20,10,Bit Driver Extender for all Bit Compatible Tools,$30.63
True,YLA930368,20,10,"Bit Kit for MUT (2 Long, 1 Short)",$16.88
True,YLA931014,20,10,Bit Kit for Surge/Charge/Wave/Skeletool/MUT/Signal,$36.88
True,YLA930378,20,10,Carabiner/Cap Lifter for Sidekick Sleeve,$12.50
True,YLA930360,20,10,Cuttr Inserts SW MUT/ST300/OHT/Rebar/Surge-Black,$15.63
True,YLA930355,20,10,Cuttr Inserts HW MUT/ST300/OHT/Rebar/Surge-Black,$15.63
True,YLA930382,20,10,Glock Firearm Disassembly Punch for MUT,$15.63
True,YLS939910,17,10,Sheath / Holster - Raptor,$23.13
True,YLA934855,15,10,Pocket Clip & Lanyard Ring - Black,$9.38
True,YLA934850,17,10,Pocket Clip & Lanyard Ring for Charge/Wave/Surge,$9.38
True,YLA930379,16,10,Pocket Clip for Sidekick & Wingman & Rev,$7.50
True,YLA931013,20,10,Removable Bit Driver - Black for ST300 EOD,$47.50
True,YLA931012,0,0,"Removable Bit Driver- Fse, Blst, Reb, Jce, ST300",$38.13
True,YLA931003,19,10,Saw & File Replacement for Surge,$20.00
True,YLA930377,20,10,Saw for ST300 EOD,$9.38
True,YLS934885,17,10,"Sheath - Leather Box/4.5"" S/tool 300, Signal Surge",$20.00
True,YLS934835,18,10,"Sheath - Leather Charge,Blast,Crunch,Wave,Skel",$20.00
True,YLS939906,18,10,Sheath - Premium Leather for Wave,$20.00
True,YLS934825,19,10,"Sheath - Leather for Wng,Side,Reb,Rev,Wave,Kck,Fse",$20.00
True,YLS930371,20,10,Sheath MOLLE Black XL MUT 300 OHT side pockets,$23.13
True,YLS931005,20,10,Sheath - MOLLE Lge Blk Heavy Tools backpocket OHT,$23.13
True,YLS930366,20,10,Sheath MOLLE Brown XL MUT 300 OHT side pockets,$23.13
True,YLA931001,0,0,,
True,YLA931018,20,10,Tweezers for Style,$9.38
True,YLA931019,20,10,Tweezers for Style CS/PS,$9.38
True,YLA930365,16,10,Wrench for MUT,$14.38
True,YMBIS11AP,20,10,Bisonte 11AP / Realtree APG HD Camo,$95.00
True,YMBW14,20,10,Bowie 14 / Coral Wood Handle,$83.00
True,YMBW16,20,10,Bowie 16 / Coral Wood Handle,$86.00
True,YMBW22,19,10,Bowie 22 / Coral Wood Handle,$117.00
True,YMBW16OL,20,10,Bowie 16 / Olive Wood Handle,$95.00
True,YM7121,19,10,o Combat Black,$23.00
True,YM95180,20,10,o Defender 18 Bowie,$57.00
True,YM95191,20,10,Defender 19,$55.00
True,YM95220,20,10,o Defender 22 Bowie,$65.00
True,YMGAZ8A,20,10,o Gazapo Skinner / Stag Handle,$96.00
True,YMHORW,20,10,o Hornet,$105.00
True,YMIBEX8R,20,10,Ibex Hunter,$65.00
True,YMKODIAK10G,20,10,Kodiak-10G / Green Canvas Micarta Handle,$158.00
True,YMKODIAK10M,20,10,Kodiak-10M / Black Micarta Handle,$119.00
True,YM5161M,20,10,Military / Coral Wood Handle,$55.00
True,YM5161,20,10,Military / Green Handle,$44.00
True,YMMIR18,20,10,Mirage 18,$63.00
True,YMMIR20,20,10,Mirage 20,$70.00
True,YMMIRAGE18NM,20,10,Mirage-18NM / Tefloned Blade w/ Desert Sheath,$79.00
True,YMMOU6R,20,10,Mouse 6R,$74.00
True,YM7221,20,10,o Outback,$49.00
True,YM3160,20,10,Outdoors 16,$46.00
True,YMBW26,20,10,Pig Hunter / Coral Wood Handle,$118.00
True,YMPIO14NL,20,10,o Pioneer,$88.00
True,YM2512,20,10,o Big Mountain Pro Hunter,$23.00
True,YMRANGER14OL,20,10,Ranger-14.OL / Olive Wood Handle,$86.00
True,YMRHINO10CO,20,10,o Rhino - 10CO / Cocobolo Wood Scales,$99.00
True,YMSCO18W,20,10,Scorpion 18W,$63.00
True,YMSCO19W,20,10,Scorpion 19W,$67.00
True,YMSCO26W,20,10,Scorpion 26W,$73.00
True,YMSCO26WSK,20,10,Scorpion Pig & Skinner Combo,$114.00
True,YMSCORPION18NM,20,10,Scorpion-18NM / Tefloned Blade w/ Desert Sheath ,$77.00
True,YMSIO10G,20,10,Sioux,$71.00
True,YMPICKAS,20,10,Skinner,$26.00
True,YMSTOW,20,10,o Storm,$103.00
True,YM5514,20,10,o Survival 14,$35.00
True,YM5516,20,10,Survival 16,$40.00
True,YM85141,20,10,o Tactical 14,$39.00
True,YM85160,20,10,o Tactical 16,$48.00
True,YM85180,19,10,o Tactical 18,$51.00
True,YMTYP15N,20,10,Typhoon Black Blade,$116.00
True,YMTYP15W,20,10,Typhoon Stainless Blade,$103.00
True,YM21833,19,10,Venecia Bowie,$94.00
True,YHCCD4,20,10,3 in 1 Sharpening System,$33.00
True,YH50264,19,10,Adjustable Angle Pull-Thru Sharpener,$34.00
True,YHMBS6,20,10,"Arkansas Bench Stone Medium - 15cm / 6""",$28.00
True,YH50025,20,10,o Benchmount for Precision Sharpening Kits,$16.50
True,YHBHS,20,10,Broadhead Arrow Sharpener,$10.00
True,YHDBSC,20,10,"Diamond Benchstone Coarse - 15cm / 6""",$45.00
True,YHDBSC115,20,10,"o Diamond Benchstone Coarse - 29cm / 11.5""",$89.00
True,YHDBSF,20,10,"Diamond Benchstone Fine - 15cm / 6""",$45.00
True,YHDBSF115,20,10,"o Diamond Benchstone Fine - 29cm / 11.5""",$89.00
True,YHDCS4,20,10,"Diamond Combo Fine/Coarse Sharpener - 10cm / 4""",$22.50
True,YHDRET,20,10,Diamond Retractable Sharpener,$12.00
True,YH50363,19,10,"Diamond Sharpening Stone w/ Cover - 10cm / 4""",$12.50
True,YHEZCDWIP,20,10,o Diamond Stone Coarse for Precision Kits,$12.50
True,YH50380,20,10,"Diamond Tri-Hone - 15cm / 6""",$78.00
True,YH50008,20,10,o Diamond Tri-Hone - 20cm / 8'',$167.00
True,YH50090,20,10,Edge Pro Pull-Thru Knife Sharpener,$22.50
True,YH50047,20,10,Edge Stick Knife Sharpener,$33.00
True,YH50134,20,10,o Get Sharp 3-in-1 Multi-Functional Sharpener,$7.00
True,YH50279,20,10,o Get Sharp COUNTER DISPLAY - 16 Pcs,$109.00
True,YHJIFFSFB,19,10,Jiff COUNTER DISPLAY - 12 Pieces,$84.00
True,YHJIFFS,18,10,Jiff Knife & Scissor Sharpener,$7.00
True,YH50185,19,10,Jiffy-Pro Handheld Sharpener,$13.00
True,YH50352,20,10,o Knife Care Kit,$16.50
True,YHPP1,19,10,Pocket Pal Knife Sharpener,$10.50
True,YH50364,19,10,Pocket Pal X2 Sharpener and Survival Tool,$19.00
True,YHHON1,17,10,Premium Honing Oil - 120ml,$7.00
True,YHPSMA,20,10,o Replacement Medium Arkansas Stone,$12.50
True,YHPSFA,20,10,o Replacement Stone - Fine,$12.50
True,YHTRI6,20,10,"Three Stone Set w/ Honing Oil - 15cm / 6""",$51.00
True,YHCCKS,20,10,Two Step Knife Sharpener,$4.00
True,YHCCKB,0,0,Two Step Knife Sharpener BUCKET - 24 pieces,$96.00
True,YHSK2,19,10,Two Stone Sharpening Kit,$27.00
True,XK1003078,18,10,18oz Classic Sport Cap Sea Crest,$16.00
True,XK1003120,19,10,27oz Wide Loop Cap Brushed Stainless,$18.00
True,XK1003121,20,10,40oz Wide Loop Cap Brushed Stainless,$25.00
True,XK1003122,17,0,64oz Wide Loop Cap Brushed Stainless,$30.00
True,XKKPNTRBG,20,10,o Pint Cup Collar - Bright Green,$5.50
True,XKKPNTRBL,20,10,o Pint Cup Collar - Blue,$5.50
True,XKKPNTRDG,20,10,o Pint Cup Collar - Dark Green,$5.50
True,XKKPNTROR,20,10,o Pint Cup Collar - Orange,$5.50
True,XNC9L0201,20,10,Figure 9 Carabiner Large - Black,$6.00
True,XNC9L0301,19,10,Figure 9 Carabiner Large - Black w/Rope,$9.00
True,XNC9S0201,20,10,Figure 9 Carabiner Small - Black,$5.00
True,XNC9S03TP01,17,10,Figure 9 Carabiner Small - Black - 2Pack w/Rope,$9.00
True,XNCSL201R6,20,10,Carabiner SlideLock Steel - #2 Black,$4.00
True,XNCSL211R6,20,10,Carabiner SlideLock Steel - #2 Stainless,$4.00
True,XNCSL401R6,16,10,Carabiner SlideLock Steel - #4 Black,$4.00
True,XNCSL411R6,20,10,Carabiner SlideLock Steel - #4 Stainless,$4.00
True,XNF9L0209,20,10,Figure 9 Large - Stainless,$5.00
True,XNF9S0201,20,10,Figure 9 Small - Black,$3.00
True,XNF9S0209,20,10,Figure 9 Small - Stainless,$3.00
True,XNF9T40301,20,10,Figure 9 Tent Line Kit,$9.00
True,XNFAMT0301,19,10,Tool Holster Stretch,$9.00
True,XNGT62PK01,20,10,"Gear Tie 6"" 2 Pack - Black",$4.00
True,XNGT62PK17,20,10,"o Gear Tie 6"" 2 Pack - Lime",$4.00
True,XNGT62PK31,20,10,"Gear Tie 6"" 2 Pack - Bright Orange",$4.00
True,XNGT122PK01,20,10,"Gear Tie 12""- 2 Pack - Black",$5.00
True,XNGT122PK17,20,10,"o Gear Tie 12""- 2 Pack - Lime",$5.00
True,XNGT122PK31,19,10,"Gear Tie 12""- 2 Pack - Bright Orange",$5.00
True,XNGT182PK01,20,10,"Gear Tie 18"" 2 Pack - Black",$5.00
True,XNGT182PK03,20,10,"o Gear Tie 18"" 2 Pack - Blue",$5.00
True,XNGT182PK31,20,10,"Gear Tie 18"" 2 Pack - Bright Orange",$5.00
True,XNGT242PK01,20,10,"Gear Tie 24"" 2 Pack - Black",$5.50
True,XNGT242PK31,20,10,"Gear Tie 24"" 2 Pack - Bright Orange",$5.50
True,XNGT34PK01,20,10,"Gear Tie 3"" 4 Pack - Black",$4.00
True,XNIMPM1R7,20,10,Inka Mobile Pen / Translucent Black,$10.50
True,XNIMR03R7,20,10,Inka Mobile Refill / Blue Ink,$5.00
True,XNKLK11R3,20,10,KeyRack Locker Stainless,$8.50
True,XNKMT11R3,20,10,DoohicKey Multi-Tool Stainless,$4.50
True,XNKMTQK11R3,20,10,DoohicKey QuicKey Tool,$7.00
True,XNKMTSK11R3,20,10,DoohicKey SkullKey Tool,$7.50
True,XNKRK0301,16,10,KeyRack - Black,$4.50
True,XNKRS0311,20,10,KeyRack - Steel,$7.50
True,XNLHS03,20,10,Lite Holster Stretch,$7.50
True,XNLSB201R3,19,10,SlideLock Steel S-Biner - # 2 Black,$4.00
True,XNLSB211R3,20,10,SlideLock Steel S-Biner - # 2 Stainless,$4.00
True,XNLSB401R3,20,10,SlideLock Steel S-Biner - # 4 Black,$4.50
True,XNLSB411R3,20,10,SlideLock Steel S-Biner - # 4 Stainless,$4.50
True,XNLSBM012R3,19,10,MicroLock Steel S-Biner - 2 Pack Black,$5.00
True,XNLSBM112R3,20,10,MicroLock Steel S-Biner - 2 Pack Stainless,$5.00
True,XNNCJ0201,0,0,CamJam Cord Fastener,$3.00
True,XNNCJS012R2,19,10,CamJam Small 2-Pack,$3.00
True,XNNCJSA01R3,0,0,,
True,XNNCJSA01R8,17,10,CamJam XT Aluminium-Black w/ Cord,$10.50
True,XNNDCC0309,20,10,o Nite Dawg LED Collar Cover - Grey,$11.00
True,XNSB20301,20,10,S-Biner Steel # 2 - Black,$2.50
True,XNSB20311,20,10,S-Biner Steel # 2 - Stainless,$2.50
True,XNSB30301,20,10,S-Biner Steel # 3 - Black,$3.00
True,XNSB30311,18,10,S-Biner Steel # 3 - Stainless,$3.00
True,XNSB40301,20,10,S-Biner Steel # 4 - Black,$3.50
True,XNSB40311,20,10,S-Biner Steel # 4 - Stainless,$3.50
True,XNSB50301,20,10,S-Biner Steel # 5 - Black,$4.00
True,XNSB50311,20,10,S-Biner Steel # 5 - Stainless,$4.00
True,XNSB2340301,17,10,"S-Biner Steel # 2, 3 & 4 Triple Pack - Black",$6.50
True,XNSB2340311,20,10,"S-Biner Steel # 2,3 & 4 Triple Pack - Stainless",$6.50
True,XNSBO0301,20,10,S-Biner Ahhh - Black,$3.50
True,XNSBO0311,20,10,S-Biner Ahhh - Stainless,$3.50
True,XNSBP100301BG,20,10,S-Biner Plastic Size #10 - Black/Black Gates,$9.00
True,XNSBP60301BG,20,10,S-Biner Plastic # 6 - Black w/ Black Gates,$5.00
True,XNSBP80301BG,20,10,S-Biner Plastic # 8 - Black w/ Black Gates,$7.00
True,XNSLG0602,18,10,Spot Lit - White LED,$7.00
True,XNSLG0603,19,10,Spot Lit - Blue LED,$7.00
True,XNSLG0607,19,10,Spot Lit - Disco LED,$7.00
True,XNSLG0610,19,10,Spot Lit - Red LED,$7.00
True,XNSLG0628,20,10,Spot Lit - Green LED,$7.00
True,XNSLG120602,19,10,Spot Lit Pink - White LED,$7.00
True,XNSLG170602,19,10,Spot Lit Lime Green - White LED,$7.00
True,XNSLG190602,19,10,Spot Lit Orange - White LED,$7.00
True,XNSTCK11R8,15,10,Steelie Car Mount Kit,$21.00
True,XNSTDM11R7,20,10,Steelie Dash Mount Ball,$12.00
True,XNSTHBM1R8,20,10,o Steelie HobKnob Kit,$24.00
True,XNSTLM11R7,20,10,Steelie Large Magnet for Pedestal,$12.00
True,XNSTPCR11R7,-1,0,,
True,XNSTSM11R7,14,10,Steelie Small Magnet for Dash Mount Ball,$9.00
True,XNSTTK11R8,-1,0,Steelie Pedestal Kit,$34.00
True,XNSTVK11R8,19,10,Steelie Vent Mount Kit,$24.00
True,XNSTVM11R7,20,10,Steelie Vent Ball Mount Component,$15.00
True,YL68010181N,20,10,Crunch - Premium Leather Sheath - Box,$170.63
True,YL68010281N,20,10,Crunch - Button Sheath - Box,$170.63
True,YL830165,20,10,Surge - w/ Button Nylon Sheath - Box,$181.88
True,YL830167,20,10,Surge - w/ Button Nylon Sheath - Clam,$181.88
True,YL830921,20,10,Skeletool - No Sheath - Clam,$98.13
True,YL830924,20,10,Skeletool CX - No Sheath - Clam,$142.50
True,YL830956,20,10,Skeletool - Button Sheath - Box,$111.88
True,YL830958,18,10,Skeletool CX - Nylon Sheath - Box,$156.88
True,YL831148,20,10,Supertool 300 - Nylon Button Sheath - Box,$142.50
True,YL831151,20,10,Supertool 300 - Black w/MOLLE Sheath - Box,$142.50
True,YL831183,20,10,Supertool 300 - Leather Sheath - Box,$142.50
True,YL831184,20,10,Supertool 300 - Leather Sheath - Clam,$142.50
True,YL831226,20,10,Squirt PS4 - Red - Clam,$64.38
True,YL831227,20,10,Squirt PS4 - Red - Box,$64.38
True,YL831229,20,10,Squirt PS4 - Blue - Clam,$64.38
True,YL831230,20,10,Squirt PS4 - Blue - Box,$64.38
True,YL831232,20,10,Squirt PS4 - Black - Clam,$64.38
True,YL831233,20,10,Squirt PS4 - Black - Box,$64.38
True,YL831236,20,10,Squirt ES4 - Red - Box,$58.75
True,YL831239,20,10,Squirt ES4 - Blue - Box,$58.75
True,YL831242,20,10,Squirt ES4 - Black - Box,$58.75
True,YL831244,20,10,Style CS - Clam,$40.63
True,YL831245,20,10,Style CS - Box,$40.63
True,YL831333,20,10,Surge - Black w/MOLLE Sheath - Box,$194.38
True,YL831369,20,10,Supertool 300 EOD - Black w/MOLLE Sheath - Box,$159.38
True,YL831438,20,10,Sidekick - Nylon Sheath - Clam,$83.75
True,YL831439,20,10,Sidekick w/- Nylon Button Sheath - Box,$83.75
True,YL831490,20,10,Style PS - Clam,$56.25
True,YL831491,20,10,Style PS - Box,$56.25
True,YL831557,20,10,Rebar - Nylon Sheath - Box,$99.38
True,YL831559,19,10,Rebar - Leather Sheath - Clam,$99.38
True,YL831560,20,10,Rebar - Button Sheath - Box,$99.38
True,YL831563,20,10,Rebar - Black w/MOLLE Sheath - Box,$113.13
True,YL831639,20,10,OHT - Black w/MOLLE Sheath - Box,$148.13
True,YL831642,20,10,OHT - Coyote Tan w/MOLLE Sheath - Box,$148.13
True,YL831683,0,0,,
True,YL831742,20,10,Raptor Black Handles w/ Holster - Box,$111.88
True,YL831777,0,0,,
True,YL831836,0,0,,
True,YL831842,0,0,,
True,YL832129,20,10,REV / No sheath / Clam,$58.75
True,YL860011N,19,10,Crater C33 - Shiny Blade - Box,$41.88
True,YL860021N,20,10,o Crater C33X - Shiny Blade - Box,$38.13
True,YL8600251N,20,10,o Crater C33X - Black Blade - Box,$44.38
True,YLA930369,20,10,Accessory Kit - MUT,$30.63
True,YLZ372309,20,10,Coffee Mug,$13.75
True,YLZ374707,20,10,Lapel Pin,$4.40
True,YLZTSHIRTSML,20,10,o Leave Nothing Undone T-Shirt Small,$41.25
True,XA010,18,10,ATKA Spork 4pc 4 colour / Clam,$9.00
True,XA011,20,10,ATKA Spork 50pc 4 assort colours / Tub,$99.00
True,XA016,20,10,o Unbelievable Pocket Saw with Handles - 53cm,$27.00
True,XA019,20,10,Folding Shovel / Stainless Steel,$8.50
True,XA021,19,10,Signal Rescue Mirror,$11.00
True,XA025,20,10,Emergency Blanket,$5.00
True,XA030OR,17,10,Emergency Whistle - Orange,$8.50
True,XA030YL,20,10,Emergency Whistle - Yellow,$8.50
True,XA50WH,20,10,o Travel Packing Cells 3 Pack,$19.00
True,XAB30BK,20,10,DryBag 5L - Black,$7.90
True,XAB30RD,19,10,Drybag 5L - Red,$7.90
True,XAB31BK,20,10,Drybag 10L - Black,$10.00
True,XAB31YL,19,10,Drybag 10L - Yellow,$10.00
True,XAB32BK,20,10,Drybag 15L - Black,$11.00
True,XAB32GR,19,10,Drybag 15L - Green,$11.00
True,XAB33BK,19,10,Drybag 20L - Black,$12.00
True,XAB33OR,20,10,Drybag 20L - Orange,$12.00
True,XAC10,20,10,AC10 Compass,$8.50
True,XAC20,20,10,AC20 Compass,$10.00
True,XAC30,20,10,AC30 Compass,$8.50
True,XAC40,20,10,AC40 Compass,$7.00
True,XAC50,20,10,AC50 Compass,$9.00
True,XAC60,20,10,AC60 Compass,$7.00
True,XAC70,20,10,AC70 Compass,$9.00
True,XAC80,20,10,AC80 Compass,$9.00
True,XAC90,20,10,AC90 Compass,$8.00
True,XATFDBLKM,-1,0,"Fast Dry Towel - Medium, Black",$22.50
True,XATFDBLKXS,0,0,"Fast Dry Towel - X-Small, Black",$15.00
True,XATFDLMM,-1,0,"Fast Dry Towel - Medium, Lime",$22.50
True,XATFDORXS,20,10,"Fast Dry Towel - X-Small, Orange",$15.00
True,XATFDRBL,20,10,"Fast Dry Towel - Large, Royal Blue",$34.00
True,XATFDRDS,20,10,"Fast Dry Towel - Small, Red",$16.00
True,XATULCHRMI,20,10,"Ultra LightTowel - Mini, Charcoal",$15.50
True,XATULNVYMI,20,10,"Ultra LightTowel - Mini, Navy",$16.00
True,XATULNVYR,20,10,"Ultra LightTowel - Regular, Navy",$23.00
True,XPFAFADPEF,20,10,STERIPEN Universal Fits All Filter,$32.00
True,XPSPPFI,20,10,STERIPEN Water Bottle Pre-Filter,$22.00
True,XPSPPFMP-EF,15,10,STERIPEN Classic 3 with Pre-Filter,$99.00
True,XPSPRCI,20,10,o STERIPEN Replace Cartridge XSPPFI/XPFAFADPEF,$9.00
True,YSBY23GP,20,10,Tern G-10 Black SlipIt - Plain Blade,$44.50
True,YSC06TIP,20,10,o SO** Tusk Titanium - Plain Blade,$375.00
True,YSC11FPGR,20,10,Delica 4 Lightweight Green Flat Ground-Plain Blade,$116.00
True,YSC11FPGY,20,10,Delica 4 Lightweight Gray Flat Ground-Plain Blade,$116.00
True,YSC11FPOR,20,10,Delica 4 Orange Flat Ground - Plain Blade,$116.00
True,YSC11FPPR,0,0,Delica 4 Purple Flat Ground - Plain Blade,$116.00
True,YSC11PBK,0,10,Delica 4 Lightweight Black - Plain Blade,$116.00
True,YSC11S,20,10,o Delica 4 Stainless - Serrated Blade,$136.00
True,YSC11SBK,20,10,Delica 4 Lightweight Black - Serrated Blade,$116.00
True,YSC11TIPD,0,10,Delica 4 Titanium Damascus - Plain Blade,$280.00
True,YSC129GP,0,10,Cat G-10 Black - Plain Blade,$85.00
True,YSC130GP,20,10,o SO** Chicago G-10 Black - Plain Blade,$78.00
True,YSC133P,20,10,Bug / Stainless Slip Joint - Plain Blade,$21.00
True,YSC137P,0,10,HoneyBee Stainless Slip Joint - Plain Blade,$28.00
True,YSC138P,0,10,Grasshopper Stainless slip Joint - Plain Blade,$32.00
True,YSC144CFPE,20,10,o SO** Caly 3.5 Carbon Fibre ZDP-189 - Plain,$299.00
True,YSC144GP,0,0,,
True,YSC148GP,20,10,Ambitious G-10 Black - Plain Black,$61.00
True,YSC152CFP,0,0,,
True,YSC154PBK,0,0,,
True,YSC154PPN,0,0,,
True,YSC163PBK,0,0,,
True,YSC166P,20,10,o Equillibruim Stainless - Plain Blade,$133.50
True,YSC169P,20,10,o SO** ClipiTool Stainless Scissors - Pl Blade,$39.00
True,YSC175P,0,0,,
True,YSK05PBK,20,10,"o SO** Kitchen Parer 4.5"" Pl Blade Blk Handle",$37.00
True,YSK05SBK,0,0,,
True,YSK05SRD,0,0,,
True,YSKX06S,20,10,"o Yin 6"" Kitchen Knife",$72.50
True,YSLBKP3,20,10,Ladybug 3 Lightweight Black - Plain Blade,$59.00
True,YSLFGP3,0,10,Ladybug 3 Foliage Green - Plain Blade,$59.00
True,YSLYLP3,20,10,Ladybug 3 Salt Yellow H1 - Plain Blade,$69.50
True,YSLPRP3,20,10,Ladybug 3 Purple - Plain Blade,$59.00
True,YSLBKS3,0,0,Ladybug 3 Lightweight black - Serrated Blade,$59.00
True,YSLYLS3,0,10,Ladybug 3 Salt Yellow H1 - Serrated Blade,$69.50
True,YSLYLS3HB,20,10,Ladybug 3 Salt Hawkbill Yellow H1 - Serrated Blade,$69.50
True,YSMBKP,0,0,Manbug Lightweight Black - Plain Blade,$73.50
True,YSX01,20,10,Spyderco Cap - Black,$4.00
True,YS204D,20,10,Diamond Triangle Pair,$79.00
True,YS204F1,20,10,o Triangle Replacement Rods - Fine,$16.50
True,YS204M1,0,10,Triangle Replacement Rods - Medium,$16.50
True,YS204MF,20,10,Triangle Sharpmaker Set - Fine & Medium,$101.50
True,YS204UF1,20,10,Triangle Stone - Ultra Fine,$24.00
True,YS302F,18,10,Spyderco Bench Stone - Fine,$67.50
True,YS302M,18,10,Spyderco Bench Stone - Medium,$67.50
True,YS302UF,18,10,Spyderco Bench Stone - Ultra Fine,$87.00
True,YS303M,20,10,Pocket Stone - Medium,$29.00
True,YS303MF,20,10,Pocket Stone - Medium & Fine Double Stuff,$48.50
True,YS306UF,20,10,o SO** Benchstone - Ultra Fine (w Suede case),$123.00
True,YS307F,0,0,,
True,YS400F,20,10,o SO** Ceramic File Set (Set of 4 shapes),$71.00
True,YS400F1SP,0,10,Ceramic File - Slip Stone,$22.00
True,YS400FIR,20,10,o SO** Ceramic File - Round,$19.00
True,YSBWRSH1,0,0,,
True,YSBY04P2,0,10,Meadowlark 2 Stainless - Plain blade,$45.50
True,YSBY04PBK2,20,10,Meadowlark 2 Lightweight Black - Plain blade,$39.50
True,YSBY04PS2,20,10,Meadowlark 2 Stainless - Plain and Serrated blade,$45.50
True,YSBY04PSBK2,20,10,Meadowlark 2 Lghtwt BL - Plain and Serrated blade,$39.50
True,YSBY10P2,20,10,Robin 2 Stainless - Plain Blade,$42.50
True,YSBY10PBK2,20,10,Robin 2 Lightweight Black - Plain Blade,$35.50
True,YSBY11GP2,20,10,Finch 2 G-10 Black - Plain Blade,$30.00
True,YSC178GP,20,10,o Kiwi 4 G-10 Black - Plain Blade,$173.50
True,YSC28P,0,10,Dragonfly Stainless - Plain Blade,$108.00
True,YSC28PT,20,10,Dragonfly Stainless Tattoo - Plain Blade,$125.50
True,YSC28S,20,10,o Dragonfly Stainless - Serrated Blade,$105.00
True,YSC28PBK2,19,10,Dragonfly 2 Lightweight Black - Plain Blade,$91.50
True,YSC28POR2,20,10,Dragonfly 2 Orange - Plain Blade,$91.50
True,YSC28SBK2,20,10,o Dragonfly 2 Lightweight Black-Serrated Blade,$89.00
True,YSC28PYL2,20,10,Dragonfly 2 Salt Yellow H1 - Plain Blade,$98.50
True,YSC29P,20,10,o Cricket Stainless - Plain blade,$118.00
True,YSC29S,20,10,o SO** Cricket Stainless -Serrated blade,$115.00
True,YSC81GP2,20,10,Para Military 2 G-10 Black - Plain Blade,$208.50
True,YSC81GPBK2,20,10,Para Military 2 G-10 Black - Plain Black Blade,$228.00
True,YSC81GPCMO2,20,10,Para Military 2 G-10 Camo - Plain Blade,$208.50
True,YSC81GPCMOBK2,20,10,Para Military 2 G-10 Camo - Plain Black Blade,$228.00
True,YSC94PBK,0,0,,
True,YSC94PBK3,0,0,,
True,YSFB01P,20,10,o SO** Bill Moran Upswept - Plain Blade,$155.00
True,YSFB02P,0,0,,
True,YSFB04PBB,20,10,Street Bowie - Plain Black Blade,$167.50
True,YSFB24SBK,20,10,o Jumpmaster L'weight Black H1 - Serrated Blade,$257.50
True,YSFB28GBNP,20,10,o Puukko G-10 Brown - Plain Blade,$366.50
True,YSFB28WDP,20,10,o Puukko Ironwood,$314.00
True,YSFB30GP,20,10,o Southfork G-10 Green - Plain Blade,$398.00
True,YSFB31CPBK,20,10,o SO** Enuff Lweight Blk Clip Point - Pl Blade,$169.00
True,YSFB31PBK,0,0,,
True,YSFB31SBK,20,10,o SO** Enuff L/weight Black Sheepsfoot - Serr,$169.00
True,YSFB31SYL,20,10,o SO** Enuff Salt Yellow H1 Sheepfoot - Serr,$169.00
True,YSFB32GP,20,10,o SO** Serrata G-10 Black - Plain blade,$235.00
True,YSK04PBK,0,0,,
True,YSK04SBK,20,10,o SO** Kitchen Utility - Blk Handle - Serr,$47.00
True,YE05N,20,10,"Fine Grit - Companion Steel - 5"" Narrow (13cm)",$16.50
True,YE10N,20,10,"Standard Grit Household Steel - 10"" Narrow (26cm)",$34.00
True,YE10NC,20,10,"Coarse Grit - Household Steel - 10"" Narrow (26cm)",$34.00
True,YE10NSS,20,10,"Fine Grit - Stainless Handle - 10"" Narrow (26cm)",$89.00
True,YE10NUF,20,10,"Ultra Fine Grit - 10"" Narrow (26cm)",$34.00
True,YE10W,20,10,"Fine Grit - Gourmet Steel - 10"" Wide (26cm)",$35.00
True,YE10WT,20,10,"Pro Gourmet Steel 3 Grit 10"" (26cm)",$85.00
True,YE12W,20,10,"Fine Grit - Professional Steel - 12"" Wide (30cm)",$43.00
True,YE12WT,20,10,"Masterchef Steel Coarse 3 Grit 12"" 30cm",$97.00
True,YE4NF,20,10,"Fine Grit - Sportsman Compact Steel - 4"" (10cm)",$28.00
True,YE4NFA,20,10,"Sportster-Sportsman Compact Duo - 4"" (10cm)",$24.00
True,YL64010181N,20,10,Micra - Stainless - Box,$49.38
True,YL64010183N,20,10,Micra - Stainless - Clam,$50.00
True,YL64320181N,20,10,Micra - Black - Box,$49.38
True,YL64320183N,20,10,Micra - Black - Clam,$49.38
True,YL64330181N,20,10,Micra - Red - Box,$49.38
True,YL64330183N,20,10,Micra - Red - Clam,$49.38
True,YL64340181N,20,10,Micra - Blue - Box,$49.38
True,YL64340183N,20,10,Micra - Blue - Clam,$49.38
True,YL64350181N,20,10,Micra - Green - Box,$49.38
True,YL64350183N,20,10,Micra - Green - Clam,$49.38
True,YL64380181N,20,10,Micra - Grey - Box,$49.38
True,YL64380183N,20,10,Micra - Grey - Clam,$49.38
True,ZL0368,20,10,Helmet Kit for all SEO models / MH2 / MH6,$12.50
True,ZL0395,0,0,Helmetband Clip 2pc - H7.2/H7R.2/H14.2/H14R.2/SEO,$6.90
True,ZL0396,19,10,o H14.2 / H14R.2 Extension Cable,$8.75
True,ZL6104,20,10,SEO 3 - Orange / Clam Pack,$47.50
True,ZL6110,20,10,o NEO Blue Headlamp,$28.75
True,ZL7701,19,10,o Recharge Battery 10440 320 mah P3R and M3R,$16.25
True,ZL7789,16,10,Battery Pack to suit H7R.2,$28.75
True,ZL8701R,19,10,F1R Rechargable - Box - No pouch,$153.75
True,ZL9804,20,10,Tac Torch / Box / TT,$62.50
True,ZL9902QC,18,10,T Square QC / 4 Colour Clam Pack,$53.75
True,ZLLL9914A0,19,10,Charging unit to fit P3R and M3R,$17.50
True,YT385PS,19,10,Rigging Knife,$11.50
True,YT903,20,10,Sheath - Nylon Small 2 Way 7.5cm L x 6.5cm W,$6.00
True,YT904,20,10,Sheath - Nylon Medium 2 Way 10cm L x 6.5cm W,$6.00
True,YT905,20,10,Sheath - Nylon Large 2 Way 12cm L x 7cm W,$6.00
True,YT906,20,10,Sheath - Nylon XL 2 Way 14cm L x 6.5cm W,$6.00
True,YT925,14,10,o Sheath Clip - Nylon Medium 12cm L x 7.5cm W,$6.00
True,YT943,20,10,Sheath - Leather Brown Small - 7.5cm L x 4.5cm W,$15.00
True,YT944,20,10,Sheath - Leather Brown Medium - 10cm L x 5cm W,$17.00
True,YT945,20,10,Sheath - Leather Brown Large - 12cm L x 5cm W,$17.00
True,YT963,20,10,Sheath - Leather Black Small -7.5cm L x 4.5cm W,$15.00
True,YT964,20,10,Sheath - Leather Black Medium - 10cm L x 5cm W,$17.00
True,YT965,20,10,Sheath - Leather Black Large - 12cm L x 5cm W,$17.00
True,YTR911B,19,10,Rescue 911 - Black handle w/sheath V&H position,$55.00
True,YU1011OT,20,10,Small Canoe,$23.50
True,YU104OT,20,10,Minuteman,$22.50
True,YU106OT,20,10,Grandad's,$26.50
True,YU108OT,20,10,Junior,$26.50
True,YU11OT,20,10,Large Canoe,$27.50
True,YU125OT,20,10,Mustang,$32.00
True,YU12UH,20,10,Roadie,$19.50
True,YU152OT,20,10,Sharpfinger w/Leather Sheath,$28.00
True,YU153UH,20,10,Golden Spike,$49.00
True,YU156OT,20,10,Lil' Finger,$40.50
True,YU158OT,20,10,Guthook Skinner,$28.00
True,YU15OT,20,10,Deerslayer,$44.50
True,YU160OT,20,10,Mountain Lion,$42.00
True,YU165OT,20,10,Woodsman,$42.00
True,YU167UH,20,10,Steelhead Fillet,$31.00
True,YU171UH,20,10,Pro Hunter,$55.00
True,YU18OT,20,10,Mighty Mite,$17.50
True,YU194OT,20,10,Gunstock Trapper - 1 Blade,$23.50
True,YU25OT,20,10,Folding Hunter,$40.00
True,YU280OT,20,0,Barlow,$20.50
True,YU33OT,20,10,Middleman Jack,$23.00
True,YU34OT,20,10,Middleman,$28.00
True,YU3OT,20,10,Bearhead,$21.50
True,YU44OT,20,10,Workmate,$28.50
True,YU4OT,20,10,Big Man,$28.00
True,YU5OT,20,10,"Old Timer 4"" Bruin",$30.00
True,YU5UH,20,10,"Uncle Henry 4"" Bruin",$26.00
True,YU69OT,20,10,Premium Trapper,$31.50
True,YU6OT,20,10,Golden Bear,$36.00
True,YU77OT,20,10,Game Muskrat,$28.00
True,YU7OT,20,10,Cave Bear,$37.00
True,YU834UH,20,10,Rancher,$34.00
True,YU858OT,20,10,Lumberjack Stockman,$33.00
True,YU885UH,20,10,Senior Rancher,$32.50
True,YU897UH,20,10,Premium Stock,$32.00
True,YU897UHP,20,10,Premium Stock Pink,$32.00
True,YU8OT,20,10,Senior,$31.50
True,YU94OT,20,0,Gunstock Trapper - 2 Blades,$24.00
True,YU96OT,20,10,Bearhead Trapper,$31.50
True,YU97OT,20,10,Buzz Saw Trapper,$40.00
True,YULB1,20,10,Cub,$20.50
True,YULB2,20,10,Smokey - 38mm Blade (no Sheath),$20.50
True,YULB5,20,10,Smokey - 74mm Blade (leather Sheath),$33.50
True,YULB7,20,10,Bear Paw Rosewood Handle,$40.00
True,YULS1,20,10,Leather Sheath Brown - Med,$12.00
True,YULS2,20,10,Leather Sheath Brown - Large,$13.00
True,ZL9408R,20,10,P7R - Box / Rechargeable,$131.25
True,YSC91PBBK,0,0,,
True,YSC91SBBK,0,0,,
True,YSC91PBK,20,10,o Pacific Salt Lightwght Black H1-Plain Blade,$129.00
True,YSC91SBK,0,0,,
True,YSC91PYL,0,0,,
True,YSC91SYL,20,10,o Pacific Salt Lightwght Yellow H1-Serratd Blade,$129.00
True,YH50480,20,10,o Pack Pal 10-N-1 Outdoor Tool,$38.00
True,YH50539,20,10,o Pack Pal Outdoor Folding Knife,$25.00
True,YULB8,19,10,Papa Bear Staglon Handle,$40.50
True,YSC81GPDBL2,20,10,Para Military 2 G-10 Dark Blue S110V,$256.00
True,YUSCH501S,20,10,Partially Serrated Drop Point Folding Blade,$27.50
True,YKM12355,20,10,PathfinderHigh CarbonSteel Outdoor Knife / Box,$92.00
True,YSC204GP,20,10,o SO** Pattada G-10 Black Plain Blade,$245.00
True,YSC136GP,20,10,Persistence G-10 Black - Plain Blade,$65.50
True,YSC07PS,20,10,Police Model Stainless - Plain and Serrated Blade,$198.00
True,YSC07P,20,10,Police Model Stainless - Plain Blade,$198.00
True,YSC07S,20,10,o SO** Police Model Stainless - Serr Blade,$190.00
True,YH50752,20,10,o Portable Electronic Scale,$19.00
True,YSC195CFP,0,0,,
True,YH50600,20,10,Pruning Tool Sharpener,$15.00
True,XNQSD01R7,20,10,QuikStand - Mobile device stand,$9.00
True,YLZ373518,0,0,Raptor Display,$192.50
True,YL832158,20,10,Raptor Orange Handles w/ Holster - Box,$111.88
True,YSBY08GP2,20,10,Raven 2 G-10 Black Pain Blade,$83.00
True,YL832304,20,10,Rebar Industrial / No Blade / Mining Edit,$113.13
True,YSC14SBK3,20,10,RESCUE 3 93mm Lightweight Black - Serrated,$135.00
True,YSC45SBK,20,10,Rescue 79mm Lightweight Black - Serrated Blade,$112.00
True,YSC45SOR,20,10,Rescue 79mm Lightweight Orange - Serrated Blade,$112.00
True,YTR911OR,20,10,Rescue 911 - Orange Handle w/sheath V&H position,$55.00
True,YT395S,20,10,Rescue Knife / Black Serrated,$23.00
True,YSC142GP,20,10,Resilience G-10 Black - Plain Blade,$81.00
True,YSBY10BKP2,20,10,Robin 2 Black Blade / Black SS Handle Plain Blade,$46.50
True,YSBY10GP2,20,10,Robin2 G-10 Black - Plain Blade,$47.50
True,YSC118SYL,0,10,Saver Salt Rescue L/W Yellow H1 - Serrated Blade,$126.50
True,XNSB12PK01,20,10,S-Biner Size # 1 Twin Pack Black,$4.00
True,XNSB12PK11,20,10,S-Biner Size # 1 Twin Pack Stainless,$4.00
True,XNLSBC01R6,20,10,S-Biner SlideLock - 3 Pack - Black,$9.50
True,XNLSBC11R6,20,10,S-Biner SlideLock - 3 Pack - Stainless,$9.50
True,YKM12480,20,10,o Scout 39 Safe BlackStainless / Clam,$30.00
True,YKM12021,20,10,o Scout 39 Safe Blue Stainless / Clam,$30.00
True,YKM12024,20,10,o Scout 39 Safe CeriseStainless / Clam,$30.00
True,YKM12022,20,10,o Scout 39 Safe Green Stainless / Clam,$30.00
True,YKM12287,20,10,o Scout 39 Safe Orange Stainless / Clam,$30.00
True,YT390P,20,10,"Scout Combo (Knife,Fork,Spoon)",$9.00
True,ZL6107RB,20,10,SEO 7R - Black / Rechargeable / Clam Pack,$111.25
True,ZL6107R,20,10,SEO 7R - Blue / Rechargeable / Clam Pack,$111.25
True,ZL0040W,20,10,"o Signal Cone White for P7QC P7,M7,T7M,M7R,L7",$6.90
True,YMSIOUX10AP,0,0,,
True,YL832310,20,10,Skeletool RX Rescue - Box (No Sheath),$142.50
True,XNCSLC01R6,20,10,SlideLock Carabiner - 3 Pack - Black,$9.90
True,XNCSLC11R6,20,10,SlideLock Carabiner - 3 Pack - Stainless,$9.90
True,XNCSL301R6,20,10,SlideLock Carabiner #3 - Black,$4.00
True,YSC26PYL,20,10,o Snap-It Salt Lweight Yellow Plain Blade,$132.00
True,YSC26SYL,20,10,o SO** Snap-It Salt Lwt Yellow Serr Blade,$132.00
True,YSFB33GP,20,10,o Bradley Bowie Plain Blade,$399.00
True,YSC134CFP2,0,0,,
True,YSBY03TIP2,0,0,,
True,YSC152STIBLP,20,10,o Chaparral Blue StepTitanium CTS XHP-Pln,$477.00
True,YSC152STIP,20,10,o Chaparral Stepped Titanium CTS XHP - Plain,$477.00
True,YSC152TIP,20,10,o Chaparral Titanium CTS XHP - Plain Blade,$275.00
True,YSC176PS,0,10,ClipiTool Stainless - Plain/Serr Blade,$44.50
True,YSC11FPBN,0,0,,
True,YSC11PSFG,0,0,,
True,YSC182CFTIP,20,10,o Dice Titan/CF/G-10 CTS XHP - Plain,$279.00
True,YSC28PGRE2,0,0,,
True,YSC10PGRE,0,0,,
True,YSC10FPBN,0,0,,
True,YSC10PSFG,0,0,,
True,YSC10FPPR,20,10,o SO** Endura 4 Lweight Prple Flat Ground-Pl,$117.00
True,YSC10TR,0,0,,
True,YSC184GPOR,20,10,o Firefly G-10 Orange - Plain Blade,$305.00
True,YSLGREP3,0,0,,
True,YSC181GTIP,20,10,o Lil' LionSpy G-10 Black/Titanium - Plaine,$365.00
True,YSC205GP,20,10,o SO** Lil' Lum Chinese Folder G-10 Black Plain,$189.00
True,YSMGREP,0,0,,
True,YSC101GPBBK2,0,0,,
True,YSBY04TIP2,0,0,,
True,YSC36TIFP,20,10,o Military Model Fluted Titanium - Plain,$409.00
True,YSC36GPDBL,20,10,o SO** Military Model G-10 Dk Blue CPM S110V Pl,$289.00
True,YSC41SBK5,20,10,o SO** Native 5 Lweight Blk- Serr Blade,$139.00
True,YSC41PDBL5,0,0,,
True,YSC192TIBLP,20,10,o PITS Folder Titanium-Blue Bead BlastPlain,$350.00
True,YSFB36CFP,20,10,o SO** Proficient Carbon Fiber - Plain Blade,$459.00
True,YSC189PBK,20,10,o SO** Roadie Lightweight Black Plain Blade,$75.00
True,YSC189PBL,20,10,o SO** Roadie Lightweight Blue Plain Blade,$75.00
True,YSC189PGY,20,10,o SO** Roadie Lightweight Grey Plain Blade,$75.00
True,YSC189POR,20,10,o SO** Roadie Lightweight Orange Plain Blade,$75.00
True,YSC189PRD,20,10,o SO** Roadie Lightweight Red Plain Blade,$75.00
True,YSC177GP,0,0,,
True,YSC123CFP,20,10,o SO** Sage 1 LinerLock - Plain Blade,$212.00
True,YSC190CFP,20,10,o SO** Schempp Bowie Car/ Fiber/G-10 -Plain Bld,$279.00
True,YSFB37GGRP,20,10,o Sprig G-10 Green - Plain Blade,$275.00
True,YSC90GBNPE2,20,10,o SO** Stretch2 G-10 Brown ZDP-189 - Plain,$299.00
True,YSC201TIBLP,20,10,o Vrango Titanium Plain Blade,$315.00
True,YH50595,20,10,o Standard Precision Sharpening System,$36.00
True,XNSTFD01R8,19,10,Steelie FreeMount Car Mount Kit,$29.00
True,XPADOMPEF,20,10,STERIPEN Adventurer Opti Mini,$129.00
True,XPULTMPEFI,20,10,STERIPEN Ultra,$144.00
True,YSFB15PBBK,0,0,,
True,YKM11742,20,10,Survival Black / Clam,$81.00
True,YKM12051,20,10,Survival Orange / Clam,$72.00
True,YSC106SBK,0,0,,
True,YSC106SYL,0,0,,
True,YSC122GBBKPS,20,10,Tenacious G-10 Black - Black Combo Blade,$75.50
True,YSC122GBBKP,19,10,Tenacious G-10 Black - Black Plain Blade,$75.50
True,YSC122GPS,20,10,Tenacious G-10 Black - Combo Blade,$70.50
True,YSC122GP,20,10,Tenacious G-10 Black - Plain Blade,$70.50
True,YSC122GS,20,10,o SO** Tenacious G-10 Black - Serrated Blade,$69.00
True,YSC127PBK,20,10,o SO** Urban Leaf Lwt Black Plain Blade,$84.00
True,YMURIAL19M,20,10,o URIAL-19M / Black Handle,$134.00
True,YSC149GP,0,0,,
True,ZL0404,20,10,o XEO Bike Mounting Bracket B,$18.75
True,ZL0400,19,10,o XEO Gopro Mounting Bracket D for,$5.00
True,ZL0402,20,10,o XEO Helmet Connecting Kit C,$11.25
True,ZL0401,20,10,o XEO Tripod Mounting Bracket E,$5.00
True,ZL0405,20,10,o XEO Waist Clip A,$7.50
True,ZL7219R,20,10,o XEO19R Black / Soft Case- / Rechargeable,$312.50
True,YSC85GP2,20,10,Yojimbo2 G-10 Black - Plain Blade,$208.50
True,XKK16VWPCCSB,20,10,o 16oz Wide Vac. Insul. Cafe Cap/Shale Black,$24.00
True,XKK20VWPCCSB,-1,0,,
True,XKK16VSSCSB,19,10,o 16oz Tumbler Insulated / Shale Black,$19.00
True,XK1003112,19,10,32oz Insulated Classic Loop Brushed Stainless,$32.00
True,YH50556,20,10,"4"" Arkansas Stone w/Base",$13.00
True,YH50821,20,10,"8"" Dual Grit Combination Sharpening Stone",$14.00
True,YSFB23PBBK,20,10,Aqua Salt Lightweight Black Plain Black Blade,$192.50
True,YSFB23SBBK,20,10,o Aqua Salt Lightweight Blk Serrated Black Blade,$192.50
True,YSFB35PBK,20,10,o ARK Lightweight Black H1 - Plain Blade,$106.50
True,YSC79PSBBK,20,10,Assist Lightweight Black - Black Blade/Carbide Tip,$164.00
True,YSC79PSOR,20,10,o Assist Lightwgh Orang-Combo Blade/Carbide Tip,$149.50
True,YSC79PSYL,20,10,Assist Salt Lightweight Yellow-Combo Bl Carbide Tp,$164.00
True,XA051,20,10,ATKA Pocket Drop Large,$22.00
True,XA050,20,10,ATKA Pocket Drop Small,$19.00
True,YSC89SBK,0,0,Atlantic Salt Rescue L/W Black H1 - Serrated Blde,$137.00
True,YSC89SYL,0,10,Atlantic Salt Rescue L/W Yellw H1 - Serrated Blde,$137.00
True,YMBISONTE11G,20,10,BISONTE-11G / Black Handle,$73.00
True,YMBW18L,20,10,Bowie BW-18L / Coral Wood Handle,$109.00
True,YKM10791,17,10,Bushcraft Black / Clam,$48.00
True,XNCJWR1209R6,19,10,CamJam Tie Down Strap 12 FT - New Design,$11.50
True,XNCJWR1809R6,20,10,CamJam Tie Down Strap 18 FT - New Design,$14.50
True,XNCJWR609R6,20,10,CamJam Tie Down Strap 6 FT - New Design,$9.50
True,YU30OT,20,10,Capybara w/ Leather Sheath,$68.00
True,YSBY03BKPS2,20,10,Cara Cara 2 Black Blade/Black SS Handle Combo Bld,$57.00
True,YSBY03GP2,20,10,Cara Cara2 G-10 Black - Plain Blade,$62.00
True,YSBY03PSBK2,20,10,Cara Cara2 Lightweight Black - Combo Blade,$42.50
True,YSBY03PBK2,20,10,Cara Cara2 Lightweight Black - Plain Blade,$42.50
True,YSBY17SBK2,20,10,Cara Cara2 Rescue Lightweight Black - Serr Blade,$44.50
True,YSBY03PS2,20,10,Cara Cara2 Stainless - Combo Blade,$49.50
True,YSBY03P2,20,10,Cara Cara2 Stainless - Plain Blade,$49.50
True,YSC66PBK3,20,10,o SO** Centofante3 Lweight Blk - Pln Blade,$109.00
True,YMCOL7DAM,20,10,Colibri COL-7DAM / Stag handle,$499.00
True,YKM12884,20,10,Companion 15 Knife Colour Mix w/Display,$225.00
True,YKM12092,17,10,Companion Black Outdoor Sports Knife / Clam,$16.00
True,YKM12093,20,10,Companion Blue Outdoor Sports Knife / Clam,$16.00
True,YKM12091,20,10,Companion Green Outdoor Sports Knife / Clam,$16.00
True,YKM12210,19,10,Heavy Duty MG Outdoor Sports Knife / Clam,$21.00
True,YKM12094,20,10,Companion Magenta Outdoor Sports Knife / Clam,$16.00
True,YKM12090,17,0,Companion Orange Outdoor Sports Knife / Clam,$16.00
True,YKM12553,20,10,Companion Black Blade Outdoor Sports Knife / Clam,$26.00
True,YKM12213,0,0,"Companion F Rescue Serrated Edge, Blunt Point/Clam",$19.00
True,YKM12214,20,10,"Companion F SerratedSerrated Edge,Sharp Point / Cl",$19.00
True,YL860111N,20,10,o Crater C33L - Shiny Blade - Box,$45.63
True,YL860121N,20,10,Crater C33LX - Shiny Blade - Box,$45.63
True,YL860211N,20,10,o Crater C33T - Shiny Blade - Box,$60.00
True,YL860221N,0,0,,
True,YL8601251N,20,10,o Crater C33LX - Black Blade - Box,$55.00
True,YL8602251N,20,10,o Crater C33TX - Black Blade - Box,$70.00
True,YSBY07PS,20,10,Crossbill Stainless - Combo Blade,$48.50
True,YSBY07P,20,10,Crossbill Stainless - Plain Blade,$48.50
True,YSBY09GP2,20,10,o SO** Crow 2 G-10 Black Plain Blade,$72.00
True,ZL9114,20,10,D14.2 (yellow)- box,$75.00
True,YSC11FPBK,20,10,Delica 4 Lightweight Black Flat Ground-Plain Blade,$116.00
True,YSC11FPBL,20,10,Delica 4 Lightweight Blue Flat Ground-Plain Blade,$116.00
True,YSC11PGRE,20,10,o Delica 4 Lightwght BRcg GRB ZDP189-Plain Blde,$164.00
True,YSC11PSBBK,20,10,Delica 4 Lightweight Black - Black Combo Blade,$130.50
True,YSC11PSBK,20,10,o Delica 4 Lightweight Black -Combo Blade,$116.00
True,YSC11PS,20,10,o Delica 4 Stainless - Combo Blade,$140.00
True,YSC172CFTIP,20,10,o Domino Titanium/CF/G-10 CTS XHP-Plain Bld,$296.00
True,XNKMTP11R3,20,10,DoohicKey 6x Key Tool,$4.50
True,XNKMT01R3,20,10,DoohicKey Multi-Tool Black,$4.50
True,YSC28GPFG,20,10,o Dragonfly G-10 Foliage Green - Plain Blade,$164.00
True,YKM12770,20,10,Eldris / 5 Knife Colour Mix Set / Box,$170.00
True,YKM12647,20,10,Eldris Black / Box,$34.00
True,YKM12649,20,10,Eldris Blue / Box,$34.00
True,YKM12651,20,10,Eldris Green / Box,$34.00
True,YKM12648,20,10,Eldris Red / Box,$34.00
True,YKM12650,20,10,Eldris Yellow / Box,$34.00
True,YKM12771,20,10,"Eldris Neck Knife 5 ColorMix,Fire Starter Kit/ Box",$265.00
True,YKM12629,20,10,"Eldris Neck Knife Black, Fire Starter Kit / Box",$53.00
True,YKM12631,20,10,"Eldris Neck Knife Blue, Fire Starter Kit / Box",$53.00
True,YKM12633,20,10,"Eldris Neck Knife Green, Fire Starter Kit / Box",$53.00
True,YKM12630,20,10,"Eldris Neck Knife Red, Fire Starter Kit / Box",$53.00
True,YKM12632,20,10,"Eldris Neck Knife Yellow, Fire Starter Kit / Box",$53.00
True,YU182UH,20,10,"Elk Hunter, w/Leather Sheath",$48.00
True,YMELK14G,20,10,ELK-14G / Black Handle,$46.00
True,YSC10PSBBK,20,10,Endura 4 Lightweight Black - Black Combo Blade,$135.00
True,YSC10PSBK,20,10,Endura 4 Lightweight Black - Combo Blade,$120.50
True,YSC10PBK,20,10,Endura 4 Lightweight Black - Plain Blade,$120.50
True,YSC10SBK,0,10,Endura 4 Lightweight Black - Serrated Blade,$120.50
True,YSC10FPBK,20,10,Endura 4 Lightweight Black Flat Ground Plain Blde,$120.50
True,YSC10FPBL,20,10,Endura 4 Lightweight Blue Flat Ground-Plain Blade,$120.50
True,YSC10FPGY,20,10,Endura 4 Lightweight Gray Flat Ground-Plain Blade,$120.50
True,YSC10FPGR,20,10,Endura 4 Lightweight Green Flat Ground-Plain Blade,$120.50
True,YSC10FPOR,20,10,Endura 4 Lightweight Ornge Flat Ground-Plain Blade,$120.50
True,YSC10PS,20,10,Endura 4 Stainless - Plain and Serrated Blade,$145.00
True,YSC10S,20,10,o Endura 4 Stainless - Serrated Blade,$140.00
True,YSC10TIPD,0,10,Endura 4 Titanium/Damascus - Plain Blade,$309.00
True,XNFMT11R7,20,10,FinancialTool - Stainless,$9.00
True,YE05W,20,10,"Fine Grit - Utility Steel - 5"" Wide (13cm)",$20.00
True,YKM11892,20,10,Fishing Comfort Fillet 155 / Clam,$33.00
True,YKM11893,20,10,Fishing Comfort Scaler 150 / Clam,$33.00
True,YUSCHF55,20,10,Fixed Blade 1095 High Carbon Steel w/nylon sheath,$66.50
True,YSBY05PS,20,10,Flight Stainless - Combo Blade,$48.50
True,YSBY05P,20,10,Flight Stainless - Plain Blade,$48.50
True,YUSCHF36,20,10,Frontier SML 1095 High Carbon Steel Blade W/sheath,$47.50
True,YKM12642,20,10,Garberg Multi-Mount / Box,$106.00
True,YKM12635,20,10,Garberg with Leather Sheath / Box,$119.00
True,XNGSB07R7,17,10,GlowStreak LED Ball - Disc-O,$13.00
True,XNGSB10R7,19,10,GlowStreak LED Ball - Red,$13.00
True,ZL500767,20,10,H3.2 Headlamp / Box,$40.25
True,ZL500768,20,10,H3.2 Headlamp / Test it Clam,$40.25
True,YSC08S,20,10,o Harpy Stainless - Serrated Blade,$159.50
True,YMHAS,20,10,o HA-S / Camp Hatchet / Aluminium Handle,$77.00
True,YSBY22SBK,20,10,Hawkbill Lightweight Black - Serrated Blade,$39.50
True,YMHUSKY10M,20,10,HUSKY-10M / Black Handle,$109.00
True,YSC206GP,20,10,o Introvert G-10 Black Plain Blade,$275.00
True,YKM12634,19,10,Kansbol / Box,$44.50
True,YKM12645,19,10,Kansbol with Multi-Mount / Box,$65.00
True,YSK04SBL,20,10,o SO** Kitchen Utility - Blue - Serrated,$47.00
True,YLZ372511B3XL,0,0,Leatherman Logo T-Shirt 3XL,$41.25
True,YLZ372506ASML,0,0,Leatherman Logo T-Shirt Small,$41.25
True,YLZ372510B2XL,0,0,Leatherman Logo T-Shirt XXL,$41.25
True,YLZ372712-4XL,20,10,LTG Sweatshirt 4XL,$55.00
True,YSC101GPS2,20,10,Manix 2 G-10 Black - Combo Blade,$169.00
True,YSC101GP2,20,10,o Manix 2 G-10 Black - Plain Blade,$169.00
True,YSC101GPDBL2,20,10,Manix 2 G-10 Dark Blue S110V Plain Blade,$236.50
True,YSC101PBBK2,0,0,SO** Manix 2 Lightweight Black - Plain Black Blade,$159.50
True,YSC101PBK2,20,10,Manix 2 Lightweight Black - Plain Blade,$140.00
True,YSC101PDBL2,0,0,,
True,YSC95GPBBK2,0,0,,
True,YSC95GP2,0,0,,
True,YSC203TIP,20,10,o Mantra 2 Titanium Plain Blade,$273.00
True,YSBY04BKPS2,0,10,Meadowlark 2 Black Blade / Black SS Handle Combo B,$52.00
True,YSBY04GP2,0,0,,
True,YSBY19SBK2,0,10,Meadowlark2 Rescue Lightweight Black - Serr Blade,$42.50
True,YUSCHF59,20,10,Medium Sized Fixed Blade w/plastic sheath,$52.00
True,YSC36GPBK,20,0,Military Model G-10 Black - Black Plain Blade,$285.00
True,YSC36GPE,20,10,o SO** Military Model G-10 Black - Plain Blade,$259.00
True,YSC36GPCMOBK,20,10,o SO** Military Model G-10 Camo - Blk Pl Blade,$278.00
True,YSC36GPCMO,20,10,o Military Model G-10 Camo - Plain Blade,$265.50
True,YM7122,20,10,o Mountain 7122 / Green and Black Handle,$23.00
True,YU28OT,20,0,Mountain Beaver Jr w/ Rosewood Handle,$36.00
True,YSC41GPDBL5,20,10,o SO** Native 5 G-10 Dark Blue S110V Plain Blade,$249.00
True,YSC41SBBK5,20,10,o SO** Native 5 Lwt Black Black Serrated Blade,$159.00
True,YSC41PSBK5,20,10,o SO** Native 5 Lwt Black- Combo Blade,$139.00
True,YSC41PSBBK5,20,10,o SO** Native 5 Lweight Blk- Plain Blk Blade,$159.00
True,YSC41GP5,20,10,o SO** Native5 G-10 Black - Plain Blade,$215.00
True,YSC41PBK5,20,10,Native5 Lwt Black - Plain Blade,$145.00
True,YSC41PPN5,20,10,o SO** Native5 Lwt Pink - Plain Blade,$149.00
True,VN2260408,0,0,,
True,VN2260108,0,0,,
True,VN2260308,0,0,,
True,VN2260708,0,0,,
True,VN2260208,0,0,,
True,VN2261008,0,0,,
True,VN2270208,0,0,,
True,YSC168GP,20,10,o Battlestation G-10 Black - Plain Blade,$279.00
True,YMBRACO11DAMM,0,0,,
True,YSC183TIP,20,10,o Burch Chubby Titanium/CF Inlay - Plain Blade,$314.00
True,YSC160P,20,10,o Foundry - Plain Blade,$305.00
True,YSC167GP,20,10,o Friction Folder G-10 Black - Plain Blade,$275.00
True,YMLM10MM,20,10,o LM-10MM,$113.00
True,YSC171TIBLP,20,10,o Mike Draper Folder Blue Titanium Plain Blade,$314.00
True,YSC194CFTIP,20,10,o Myrtle Carbon Fiber/Titanium Plain,$314.00
True,YSC41CF40TH,20,10,o Native 5 Carbon Fiber 40th Anni P Ltd Edit,$525.00
True,YSC164GPBN,20,10,o Nilakka G-10 Brown - Plain Blade,$279.00
True,YSC192TIP,20,10,o PITS Folder Titanium - Plain Blade,$349.00
True,YSC07GP3,20,10,o Police 3 G10 Black - Plain Blade,$218.00
True,XNR300RL17R8,20,10,o Radiant 300 Rechargeable Lantern,$55.00
True,XNR400L09R8,20,10,o Radiant 400 Lantern,$35.00
True,YSC187CFP,20,10,o Rubicon Carbon Fiber/Orange G-10 - Plain Blade,$435.00
True,YSC198TIP,20,10,o Tighe Stick Titanium Plain Blade,$419.00
True,AKS019AST12QTY,20,10,"KeySmart PDQ (6 Black, 3 Blue, 3 Red)",$150.00
True,AKS019BLKLEA,20,10,KeySmart Key Holder Leather(Up to 8 Keys) Black,$28.00
True,AKS019BLU,19,10,"KeySmart Key Holder, Alum(Up to 8 Keys) Blue",$13.00
True,AKS019RED,18,10,"KeySmart Key Holder, Alum(Up to 8 Keys) Red",$13.00
True,AKS019TANLEA,20,10,KeySmart Key Holder Leather(Up to 8 Keys) Tan,$28.00
True,AKS050BLK,0,0,"KeySmart Flex Key Holder, Alum(Up to 8 Keys) Black",$9.00
True,AKS231,21,10,KeySmart Acc/Btle Op SBiner Microlk 14 Key Expsn,$9.00
True,AKS411BLK,8,10,KeySmart Pro w/Tile Smart Location fit 14 Keys BLK,$49.00
True,AKS411WHT,11,10,KeySmart Pro w/Tile Smart Location fit 10 Keys WHT,$49.00
True,AKS607BLK,16,10,"KeySmart Rugged Alum-Blk w/Belt Clip,Bottle Opener",$28.00
True,AKS607RED,20,0,"KeySmart Rugged Alum-Red w/Belt Clip,Bottle Opener",$28.00
True,AKS814BLK,19,10,Mag Connect / Magnetic Quick Connect Black,$6.00
True,AOB1001B,20,10,5 Litre Dry Tube BLUE,$17.00
True,AOB1001BLK,20,10,5 Litre Dry Tube BLK,$17.00
True,AOB1001P,19,10,5 Litre Dry Tube PINK,$17.00
True,AOB1001R,20,10,5 Litre Dry Tube RED,$17.00
True,AOB1001WHT,20,10,5 Litre Dry Tube WHT,$17.00
True,AOB1001Y,20,10,5 Litre Dry Tube YELLOW,$17.00
True,AOB1002BLK,20,10,5 Litre Dry Flat BLK,$16.00
True,AOB1002Y,20,10,5 Litre Dry Flat YELLOW,$16.00
True,AOB1003B,20,10,12 Litre Dry Tube BLUE,$20.00
True,AOB1003BLK,19,10,12 Litre Dry Tube BLK,$20.00
True,AOB1003R,19,10,12 Litre Dry Tube RED,$20.00
True,AOB1003WHT,20,10,12 Litre Dry Tube WHT,$20.00
True,AOB1003Y,20,10,12 Litre Dry Tube YELLOW,$20.00
True,AOB1004BLK,20,10,15 Litre Dry Flat BLK,$23.50
True,AOB1004R,20,10,15 Litre Dry Flat Red,$23.50
True,AOB1005B,20,10,20 Litre Dry Tube BLUE,$24.50
True,AOB1005BLK,20,10,20 Litre Dry Tube BLK,$24.50
True,AOB1005P,19,10,20 Litre Dry Tube PINK,$24.50
True,AOB1005R,20,10,20 Litre Dry Tube RED,$24.50
True,AOB1005WHT,20,10,20 Litre Dry Tube WHT,$24.50
True,AOB1005Y,20,10,20 Litre Dry Tube YELLOW,$24.50
True,AOB1006B,20,10,30 Litre Dry Tube BLUE,$26.50
True,AOB1006BLK,20,10,30 Litre Dry Tube BLK,$26.50
True,AOB1006R,20,10,30 Litre Dry Tube RED,$26.50
True,AOB1006WHT,20,10,30 Litre Dry Tube WHT,$26.50
True,AOB1006Y,20,10,30 Litre Dry Tube YELLOW,$26.50
True,AOB1007B,20,10,40 Litre Dry Tube BLUE,$29.00
True,AOB1007BLK,20,10,40 Litre Dry Tube BLK,$29.00
True,AOB1007R,20,10,40 Litre Dry Tube RED,$29.00
True,AOB1007WHT,20,10,40 Litre Dry Tube WHT,$29.00
True,AOB1007Y,20,10,40 Litre Dry Tube YELLOW,$29.00
True,AOB1008A,20,10,Small Phone Case Aqua,$17.50
True,AOB1008BLK,20,10,Small Phone Case BLK,$17.50
True,AOB1026B,20,10,30 Litre Dry Flat BLUE,$27.50
True,AOB1026BLK,20,10,30 Litre Dry Flat BLK,$27.50
True,AOB1031B,20,10,1 Litre Dry Pouch BLUE,$5.00
True,AOB1031BLK,18,10,1 Litre Dry Pouch BLK,$5.00
True,AOB1031MP,19,10,"1 Litre Dry Pouch Multipack BL,RD,Yell & BLK",$18.00
True,AOB1031R,20,10,1 Litre Dry Pouch RED,$5.00
True,AOB1031Y,20,10,1 Litre Dry Pouch YELLOW,$5.00
True,AOB1049BLK,20,10,2 Litre Pro-Light Waist Pack BLK,$38.50
True,AOB1049Y,20,10,2 Litre Pro-Light Waist Pack Yellow,$38.50
True,AOB1050,20,10,Pro-Sports Belt Pack BLK,$23.00
True,AOB1051,18,10,Pro-Sports Arm Pack BLK,$23.00
True,AOB1055BLK,20,10,60 Litre Backpack Dry Tube BLK,$67.00
True,AOB1059B,20,10,90 Litre Adventure Duffel Blue,$104.00
True,AOB1059BLK,20,10,90 Litre Adventure Duffel BLK,$104.00
True,AOB1059WHT,20,10,90 Litre Adventure Duffel WHT,$104.00
True,AOB1059Y,20,10,90 Litre Adventure Duffel Yellow,$104.00
True,AOB1066,20,10,Medium Multipurpose Case Fawn,$17.50
True,AOB1067,20,10,Small Multipurpose Case Fawn,$17.50
True,AOB1081BLK,18,10,Medium Document Pouch BLK,$12.00
True,AOB1086,0,0,Large tablet case / iPad compatible BLK,$34.00
True,AOB1087BLK,20,0,SLR Camera Bag BLK 7 Litre,$32.00
True,AOB1091BLK,20,10,o 35 Litre Adventure Duffel BLK,$79.50
True,AOB1091WHT,20,10,o 35 Litre Adventure Duffel WHT,$79.50
True,AOB1092BLK,20,10,o Pro-Light Messenger Bag BLK,$79.50
True,AOB1094Y,0,0,20 Litre Sup / Kayak Deck Bag Yellow,$54.00
True,AOB1104BLK,19,10,Pro SLR Camera Bag BLK 15 Litres,$42.50
True,AOB1105BLK,16,10,Large Document Pouch BLK,$18.00
True,AOB1106A,-1,0,Large Phone Case Aqua,$17.50
True,AOB1106BLK,20,10,Large Phone Case BLK,$17.50
True,AOB1135BLK,20,10,20 Litre Pro-Light Backpack BLK,$90.00
True,AOB1136BLK,20,10,30 Litre Pro-Light Backpack BLK,$117.00
True,AOB1141BLK,20,10,20 Litre Classic Backpack BLK,$58.00
True,AOB1141Y,20,10,20 Litre Classic Backpack Yellow,$58.00
True,AOB1142BLK,20,10,30 Litre Classic Backpack BLK,$64.00
True,AOB1142Y,20,10,30 Litre Classic Backpack Yellow,$64.00
True,AOB1143BLK,20,10,o 60 Litre Adventure Duffel BLK,$91.50
True,AOB1143WHT,20,10,o 60 Litre Adventure Duffel WHT,$91.50
True,AOB1145B,19,10,20 Litre Pro-Sports Backpack Blue,$79.50
True,AOB1145Y,20,10,20 Litre Pro-Sports Backpack Yellow,$79.50
True,AOB1146BLK,20,10,30 Litre Pro-Sports Backpack BLK,$90.00
True,AOB1146R,20,10,30 Litre Pro-Sports Backpack Red,$90.00
True,AOB1147HVO,20,10,30 Litre Pro-Vis Backpack High Vis Orange,$95.50
True,AOB1147HVY,20,10,30 Litre Pro-Vis Backpack High Vis Yellow,$95.50
True,AOB1148HVO,20,10,o 20 Litre Pro-Vis Dry Tube High Vis Orange,$38.00
True,AOB1148HVY,20,10,o 20 Litre Pro-Vis Dry Tube High Vis Yellow,$38.00
True,AOB1149HVO,20,10,o 60 Litre Pro-Vis Duffel High Vis Orange,$110.00
True,AOB1149HVY,20,10,o 60 Litre Pro-Vis Duffel High Vis Yellow,$110.00
True,AOB1150BLK,20,10,40 Litre Classic Duffel BLK,$54.50
True,AOB1150Y,20,10,o 40 Litre Classic Duffel Yellow,$54.50
True,AOB1151BLK,20,10,60 Litre Classic Duffel BLK,$65.50
True,AOB1151Y,20,10,60 Litre Classic Duffel Yellow,$65.50
True,AOB1152BLK,20,10,130 Litre Classic Duffel Blk,$97.50
True,AOB1153B,20,10,40 Litre Pro-Sports Duffel Blue,$84.50
True,AOB1153Y,20,10,o 40 Litre Pro-Sports Duffel Yellow,$84.50
True,AOB1154BLK,20,10,60 Litre Pro-Sports Duffel BLK,$101.00
True,AOB1154R,20,10,60 Litre Pro-Sports Duffel Red,$101.00
True,AOB1155BLK,20,10,90 Litre Pro-Sports Duffel BLK,$119.00
True,AOB1157HVO,20,10,20 Litre Pro-Vis Backpack High Vis Orange,$82.50
True,AOB1157HVY,0,0,20 Litre Pro-Vis Backpack High Vis Yellow,$82.50
True,AOB1159BLK,20,10,17 Litre Classic Pannier BLK,$56.00
True,AOB1159Y,20,10,17 Litre Classic Pannier Yellow,$56.00
True,AOB1160BLK,20,10,o Camera Accessories Bag BLK,$37.00
True,AOB1162BLK,20,10,o 20 Litre Pro-Light Dry Tube BLK,$43.50
True,AOB1164BLK,20,10,4 Litre Pro-Light Waist Pack BLK,$46.00
True,AOB1165BLK,20,10,o 60 Litre Pro-Light Duffel BLK,$123.00
True,AOB1166BLK,20,10,o 12 Litre Pro-Light Backpack BLK,$80.00
True,AOB1167BLK,20,10,45 Litre Classic Backpack BLK,$73.00
True,AOB1167Y,20,10,45 Litre Classic Backpack Yellow,$73.00
True,AOB1174CLR,20,10,o 5 Litre Pro-Light Clear Tube,$20.50
True,AOB1175CLR,20,10,o 12 Litre Pro-Light Clear Tube,$26.50
True,AOB1176CLR,20,10,o 20 Litre Pro-Light Clear Tube,$32.00
True,AOB1182GRY,20,10,Backpack Tidy GRY,$18.00
True,AOB1188,20,10,Pro VHF Case BLK,$23.00
True,AOD001GRY,20,10,15 Litre Cooler Bag Grey,$36.50
True,AOD001T,0,10,15 Litre Cooler Bag Turquoise,$36.50
True,AOD002GRY,20,0,30 Litre Cooler Bag Grey,$47.00
True,AOD002T,0,10,30 Litre Cooler Bag Turquoise,$47.00
True,AOD003GRY,20,10,20 Litre Premium Cooler Backpack Grey,$58.00
True,AOD003T,20,10,20 Litre Premium Cooler Backpack Turquoise,$58.00
True,AOD004GRY,20,10,40 Litre Premium Cooler Backpack Grey,$68.00
True,AOD004T,20,10,40 Litre Premium Cooler Backpack Turquoise,$68.00
True,AQIAUFHC05,20,10,Womens Charcoal Laurel Q2X Ring Size 5,$15.00
True,AQIAUFHC06,20,10,Womens Charcoal Laurel Q2X Ring Size 6,$15.00
True,AQIAUFHC07,20,10,Womens Charcoal Laurel Q2X Ring Size 7,$15.00
True,AQIAUFHC08,20,10,Womens Charcoal Laurel Q2X Ring Size 8,$15.00
True,AQIAUFHL05,20,10,Womens Lilac Laurel Q2X Ring Size 5,$15.00
True,AQIAUFHL06,20,10,Womens Lilac Laurel Q2X Ring Size 6,$15.00
True,AQIAUFHL07,20,10,Womens Lilac Laurel Q2X Ring Size 7,$15.00
True,AQIAUFHL08,20,10,Womens Lilac Laurel Q2X Ring Size 8,$15.00
True,AQIAUFSA04,20,10,Womens Modern Aqua FoxFire Q2X Ring Size 04,$15.00
True,AQIAUFSA05,20,10,Womens Modern Aqua FoxFire Q2X Ring Size 05,$15.00
True,AQIAUFSA06,20,10,Womens Modern Aqua FoxFire Q2X Ring Size 06,$15.00
True,AQIAUFSA07,20,10,Womens Modern Aqua FoxFire Q2X Ring Size 07,$15.00
True,AQIAUFSA08,20,10,Womens Modern Aqua FoxFire Q2X Ring Size 08,$15.00
True,AQIAUFSA09,20,10,Womens Modern Aqua FoxFire Q2X Ring Size 09,$15.00
True,AQIAUFSB04,20,10,Womens Modern Black Q2X Ring Size 04,$15.00
True,AQIAUFSB05,20,10,Womens Modern Black Q2X Ring Size 05,$15.00
True,AQIAUFSB06,20,10,Womens Modern Black Q2X Ring Size 06,$15.00
True,AQIAUFSB07,20,10,Womens Modern Black Q2X Ring Size 07,$15.00
True,AQIAUFSB08,20,10,Womens Modern Black Q2X Ring Size 08,$15.00
True,AQIAUFSB09,20,10,Womens Modern Black Q2X Ring Size 09,$15.00
True,AQIAUFSK04,20,10,Womens Modern Pink Q2X Ring Size 04,$15.00
True,AQIAUFSK05,20,10,Womens Modern Pink Q2X Ring Size 05,$15.00
True,AQIAUFSK06,20,10,Womens Modern Pink Q2X Ring Size 06,$15.00
True,AQIAUFSK07,20,10,Womens Modern Pink Q2X Ring Size 07,$15.00
True,AQIAUFSK08,20,10,Womens Modern Pink Q2X Ring Size 08,$15.00
True,AQIAUFSK09,20,10,Womens Modern Pink Q2X Ring Size 09,$15.00
True,AQIAUFSP05,20,10,Womens Scallop Pearl Silicone Ring Size 05,$19.00
True,AQIAUFSP06,20,10,Womens Scallop Pearl Silicone Ring Size 06,$19.00
True,AQIAUFSP07,20,10,Womens Scallop Pearl Silicone Ring Size 07,$19.00
True,AQIAUFSP08,20,10,Womens Scallop Pearl Silicone Ring Size 08,$19.00
True,AQIAUFSP09,20,10,Womens Scallop Pearl Silicone Ring Size 09,$19.00
True,AQIAUMHD08,20,10,Mens Crosshatch Dark Grey Q2X Ring Size 08,$15.00
True,AQIAUMHD09,20,10,Mens Crosshatch Dark Grey Q2X Ring Size 09,$15.00
True,AQIAUMHD10,20,10,Mens Crosshatch Dark Grey Q2X Ring Size 10,$15.00
True,AQIAUMHD11,20,10,Mens Crosshatch Dark Grey Q2X Ring Size 11,$15.00
True,AQIAUMHD12,20,10,Mens Crosshatch Dark Grey Q2X Ring Size 12,$15.00
True,AQIAUMHD13,20,10,Mens Crosshatch Dark Grey Q2X Ring Size 13,$15.00
True,AQIAUMQBQ07,20,10,Mens Q Black Q2X Ring Size 07,$15.00
True,AQIAUMQBQ08,20,10,Mens Q Black Q2X Ring Size 08,$15.00
True,AQIAUMQBQ09,20,10,Mens Q Black Q2X Ring Size 09,$15.00
True,AQIAUMQBQ10,20,10,Mens Q Black Q2X Ring Size 10,$15.00
True,AQIAUMQBQ11,20,10,Mens Q Black Q2X Ring Size 11,$15.00
True,AQIAUMQBQ12,20,10,Mens Q Black Q2X Ring Size 12,$15.00
True,AQIAUMQBQ13,20,10,Mens Q Black Q2X Ring Size 13,$15.00
True,AQIAUMQUQ07,20,10,Mens Q True Blue Q2X Ring Size 07,$15.00
True,AQIAUMQUQ08,20,10,Mens Q True Blue Q2X Ring Size 08,$15.00
True,AQIAUMQUQ09,20,10,Mens Q True Blue Q2X Ring Size 09,$15.00
True,AQIAUMQUQ10,20,10,Mens Q True Blue Q2X Ring Size 10,$15.00
True,AQIAUMQUQ11,20,10,Mens Q True Blue Q2X Ring Size 11,$15.00
True,AQIAUMQUQ12,20,10,Mens Q True Blue Q2X Ring Size 12,$15.00
True,AQIAUMQUQ13,20,10,Mens Q True Blue Q2X Ring Size 13,$15.00
True,AQIAUMSB07,20,10,Mens Black Flat Step Q2X Ring Size 07,$15.00
True,AQIAUMSB08,20,10,Mens Black Flat Step Q2X Ring Size 08,$15.00
True,AQIAUMSB09,20,10,Mens Black Flat Step Q2X Ring Size 09,$15.00
True,AQIAUMSB10,20,10,Mens Black Flat Step Q2X Ring Size 10,$15.00
True,AQIAUMSB11,20,10,Mens Black Flat Step Q2X Ring Size 11,$15.00
True,AQIAUMSB12,20,10,Mens Black Flat Step Q2X Ring Size 12,$15.00
True,AQIAUMSB13,20,10,Mens Black Flat Step Q2X Ring Size 13,$15.00
True,AQIAUMSC07,20,10,Mens Charcoal Flat Step Q2X Ring Size 07,$15.00
True,AQIAUMSC08,20,10,Mens Charcoal Flat Step Q2X Ring Size 08,$15.00
True,AQIAUMSC09,20,10,Mens Charcoal Flat Step Q2X Ring Size 09,$15.00
True,AQIAUMSC10,20,10,Mens Charcoal Flat Step Q2X Ring Size 10,$15.00
True,AQIAUMSC11,20,10,Mens Charcoal Flat Step Q2X Ring Size 11,$15.00
True,AQIAUMSC12,20,10,Mens Charcoal Flat Step Q2X Ring Size 12,$15.00
True,AQIAUMSC13,20,10,Mens Charcoal Flat Step Q2X Ring Size 13,$15.00
True,AQIAUMSR07,20,10,Mens Brush Camo Flat Step Q2X Ring Size 07,$15.00
True,AQIAUMSR08,20,10,Mens Brush Camo Flat Step Q2X Ring Size 08,$15.00
True,AQIAUMSR09,20,10,Mens Brush Camo Flat Step Q2X Ring Size 09,$15.00
True,AQIAUMSR10,20,10,Mens Brush Camo Flat Step Q2X Ring Size 10,$15.00
True,AQIAUMSR11,20,10,Mens Brush Camo Flat Step Q2X Ring Size 11,$15.00
True,AQIAUMSR12,20,10,Mens Brush Camo Flat Step Q2X Ring Size 12,$15.00
True,AQIAUMSR13,20,10,Mens Brush Camo Flat Step Q2X Ring Size 13,$15.00
True,AQIAUSCD04,20,10,Standard Womens Stackable (Ellen) D Size 04,$15.00
True,AQIAUSCD05,20,10,Standard Womens Stackable (Ellen) D Size 05,$15.00
True,AQIAUSCD06,20,10,Standard Womens Stackable (Ellen) D Size 06,$15.00
True,AQIAUSCD07,20,10,Standard Womens Stackable (Ellen) D Size 07,$15.00
True,AQIAUSCD08,20,10,Standard Womens Stackable (Ellen) D Size 08,$15.00
True,AQIAUSCD09,20,10,Standard Womens Stackable (Ellen) D Size 09,$15.00
True,AQIAUSCE04,20,10,Standard Womens Stackable (Kristina) E Size 04,$15.00
True,AQIAUSCE05,20,10,Standard Womens Stackable (Kristina) E Size 05,$15.00
True,AQIAUSCE06,20,10,Standard Womens Stackable (Kristina) E Size 06,$15.00
True,AQIAUSCE07,20,10,Standard Womens Stackable (Kristina) E Size 07,$15.00
True,AQIAUSCE08,20,10,Standard Womens Stackable (Kristina) E Size 08,$15.00
True,AQIAUSCE09,20,10,Standard Womens Stackable (Kristina) E Size 09,$15.00
True,AQIAUSCF04,20,10,Standard Womens Stackable (Amanda) F Size 04,$15.00
True,AQIAUSCF05,20,10,Standard Womens Stackable (Amanda) F Size 05,$15.00
True,AQIAUSCF06,20,10,Standard Womens Stackable (Amanda) F Size 06,$15.00
True,AQIAUSCF07,20,10,Standard Womens Stackable (Amanda) F Size 07,$15.00
True,AQIAUSCF08,20,10,Standard Womens Stackable (Amanda) F Size 08,$15.00
True,AQIAUSCF09,20,10,Standard Womens Stackable (Amanda) F Size 09,$15.00
True,VN2270108,0,0,,
True,VPPTLDISC001,20,10,Discovery,$52.00
True,VPPTLEXT001,20,10,Extreme Solar Kit,$149.00
True,VPPTLEXT001TAC,20,10,Tactical Extreme Solar Kit,$185.00
True,VPPTLEXTSL001,20,10,Extreme Solar,$79.00
True,VPPTLFLS007,20,10,Falcon 7 Solar,$99.00
True,VPPTLFLS021,20,10,Falcon 21 Solar,$199.00
True,VPPTLFLS040,20,10,Falcon 40 Solar,$289.00
True,VPPTLMNG001,20,10,Mini-G,$159.00
True,VPPTLPG002,20,10,Powergorilla,$289.00
True,VPPTLPG002TAC,20,10,Tactical Powergorilla,$299.00
True,VPPTLSG002,20,10,Solargorilla,$245.00
True,VPPTLSG002TAC,20,10,Tactical Solargorilla,$269.00
True,VPPTLSLA001,20,10,Solar Adventurer,$99.00
True,VPPTLSPK025,20,10,Sport 25 Solar Kit,$139.00
True,VPPTLSPT001,20,10,Sport 25 Power Pack,$65.00
True,WP224394,20,10,Mimer Stove,$27.50
True,WP321452,20,10,MicronTrail Stove Reg. Piezo,$84.00
True,WP328485,20,10,Express Spider II Stove,$75.50
True,WP350110,20,10,Kinjia Stove,$206.00
True,WP351030,20,10,Essential Stove Set 1.3L,$128.50
True,WP351031,20,10,Essential Stove Set 2.3L,$150.00
True,WP351032,20,10,PrimeTech Stove Set 1.3L,$170.50
True,WP351033,20,10,PrimeTech Stove Set 2.3L,$192.50
True,WP720661,0,0,Toaster,$15.50
True,WP721171,20,10,o Foot Rest,$10.50
True,WP721230,20,10,o StovePaw,$53.50
True,WP721720,20,10,Windscreen and Heat Reflector Set,$15.50
True,WP731701,19,10,LiTech Coffee & Tea Kettle 0.9L,$31.50
True,WP731722,19,10,LiTechTrek Kettle,$35.50
True,WP731760,20,10,Pot Gripper,$6.50
True,WP732250,20,10,4-Season Mug 0.2 L (8 oz),$10.50
True,WP732260,20,10,4-Season Mug 0.3 L (10 oz),$13.50
True,WP732782,20,10,Food Vacuum Bottle 1.2L,$46.50
True,WP732792,20,10,Food Vacuum Bottle 1.5L,$49.50
True,WP733810,20,10,LiTech Coffee & Tea Kettle 1.5L,$38.50
True,WP734000,20,10,Meal Set Red,$25.50
True,WP734001,20,10,Meal Set Black,$25.50
True,WP734002,20,10,Meal Set Green,$25.50
True,WP734003,20,10,Meal Set Blue,$25.50
True,WP735440,20,10,Leisure Cutlery 24pc Display,$367.00
True,WP737420,20,10,LiTech Frying Pan,$38.50
True,WP737938,20,10,Lite XL Pot 1.0L,$59.50
True,WP737943,20,10,TrailBreak Lunch jug 400 Black,$31.50
True,WP737944,20,10,TrailBreak Lunch jug 550 Black,$34.00
True,WP737947,20,10,TrailBreak Lunch jug 400 Barn Red,$31.50
True,WP737948,20,10,TrailBreak Lunch jug 550 Barn Red,$34.00
True,WP738000,19,10,CampFire Frying Pan S.S. 25cm,$44.00
True,WP738001,20,10,CampFire Cookset S.S. Large,$109.50
True,WP738002,19,10,CampFire Cookset S.S. Small,$93.00
True,WP738003,19,10,CampFire Frying Pan S.S. 21cm,$38.50
True,WP738004,20,10,CampFire Pot S.S. 3L,$44.00
True,WP738005,20,10,CampFire Pot S.S. 5L,$50.50
True,WP738006,20,10,CampFire Cutting Set,$75.00
True,WP738007,19,10,CampFire Prep Set,$75.00
True,WP738008,20,10,CampFire Knife Small,$25.50
True,WP738009,20,10,CampFire Knife Large,$30.50
True,WP738010,20,10,CampFire Utility Sack,$33.00
True,WP738011,20,10,CampFire Plate S/S,$14.50
True,WP738017,20,10,CampFire Cutlery Set,$14.50
True,WP738018,20,10,CampFire Griddle plate,$43.50
True,WP738050,20,10,OpenFire Pan Small,$126.00
True,WP738051,20,10,OpenFire Pan Large,$162.00
True,WP738052,20,10,OpenFire Spatula,$24.50
True,WP738060,20,10,Kamoto OpenFire Pit,$172.00
True,WP738061,20,10,Kamoto OpenFire Pit Large,$192.00
True,WP738062,20,10,OpenFire Pan Pack Sack,$36.50
True,WP740290,20,10,Essential Pot Set 1.3L,$52.50
True,WP740300,20,10,Essential Pot Set 2.3L,$57.50
True,WP740310,20,10,LiTech Pot Set 1.3L,$73.50
True,WP740320,20,10,LiTech Pot Set 2.3L,$84.00
True,WP740380,20,10,PrimeTech Pot Set 1.3L,$94.50
True,WP740390,20,10,PrimeTech Pot Set 2.3L,$104.50
True,WP740400,20,10,Crimp Pot Gripper,$26.50
True,WP740410,20,10,FieldChef Knife Black,$20.00
True,WP740420,20,10,FieldChef Knife Moss,$20.00
True,WP740430,20,10,FieldChef Knife Blue,$20.00
True,WP740440,20,10,FieldChef Pocket Knife Black,$50.50
True,WP740450,20,10,FieldChef Pocket Knife Moss,$50.50
True,WP740460,20,10,FieldChef Pocket Knife Blue,$50.50
True,WP740480,20,10,TrailSpork Tritan Black (10 Pack),$30.00
True,WP740490,20,10,TrailSpork Tritan Red (10 Pack),$30.00
True,WP740500,20,10,TrailSpork Tritan Blue (10 Pack),$30.00
True,WP740510,20,10,TrailSpork Tritan Moss (10 Pack),$30.00
True,WP740515,20,10,TrailSpork Tritan Tangerine (10 Pack),$30.00
True,WP740530,20,10,TrailSpork Alu,$10.00
True,WP740540,20,10,TrailSpork Ti,$17.50
True,WP740550,20,10,TrailCutlery Alu,$26.00
True,WP740560,20,10,LongSpoon,$10.00
True,WP740580,20,10,Lightweight TrailCutlery Black,$8.00
True,WP740590,20,10,Lightweight TrailCutlery Red,$8.00
True,WP740600,17,10,Lightweight TrailCutlery Blue,$8.00
True,WP740610,19,10,Lightweight TrailCutlery Moss,$8.00
True,WP740615,20,10,Lightweight TrailCutlery Tang.,$8.00
True,WP740630,19,10,Salt and Pepper Mill 2 pack,$20.00
True,WP740640,20,10,Folding Spork Black (10 Pack),$20.00
True,WP740650,20,10,Folding Spork Red (10 Pack),$20.00
True,WP740660,20,10,Folding Spork Blue (10 Pack),$20.00
True,WP740670,20,10,Folding Spork Moss (10 Pack),$20.00
True,WP740680,20,10,Folding Spork Tangerine (10 Pack),$20.00
True,WP740810,20,10,CampFire Bowl Stainless w. Lid,$30.50
True,WP740970,20,10,CampFire Chopsticks,$20.00
True,WP741090,20,10,CampFire Tongs,$25.50
True,XAAK1,20,10,Kent EDC Knife Mahogany Wood,$28.00
True,XAAK2,20,10,Kent EDC Knife Olive Wood,$28.00
True,XAAK5,20,10,Kent EDC Knife PakkaWood,$28.00
True,XAAKCHA,19,10,Mint EDC Knife Charcoal Grey,$23.00
True,XAAKCHB,20,10,Mint EDC Knife Silver,$23.00
True,XAAKCHC,20,10,Mint EDC Knife Grey,$23.00
True,XAAKCHD,20,10,Mint EDC Knife Green,$23.00
True,XAAKCO3SE,20,10,Kent EDC Knife Titanium,$28.00
True,XAAKELA,20,10,Sprint EDC Knife Charcoal Grey,$19.00
True,XAAKELB,20,10,Sprint EDC Knife Grey,$19.00
True,XAAKELC,19,10,Sprint EDC Knife Blue,$19.00
True,XAAKELD,20,10,Sprint EDC Knife Red,$19.00
True,XAAKELE,20,10,Sprint EDC Knife Green,$19.00
True,XAAKELF,19,10,Sprint EDC Knife Orange,$19.00
True,XAB1001025,20,10,atka 10 x 25 Binocular,$35.00
True,XAB1001050,20,10,atka 10 x 50 Binocular,$59.00
True,XAB1001060,16,10,atka 10 x 60 Binocular,$49.00
True,XAB100821,20,10,atka 8 x 21 Binocular,$19.00
True,XAB100825,20,10,atka 8 x 25 Binocular,$79.00
True,XAB100842,19,10,atka 8 x 42 Binocular,$79.00
True,XK1000276,20,10,5oz Baby Bottle w/Slow Flow Nipple Stainless,$17.00
True,XK1000277,20,10,9oz Baby Bottle w/Med Flow Nipple Stainless,$19.00
True,XK1000352,0,0,,
True,XK1000357,19,10,o 64oz Growler Swing Lok Cap Brushed Stainless,$39.50
True,XK1000421,20,10,8oz Food Canister Stainless,$17.00
True,XK1000422,20,10,16oz Food Canister Stainless,$19.00
True,XK1000423,20,10,8oz Insulated Food Canister Stainless,$29.00
True,XK1000424,20,10,16oz Insulated Food Canister Stainless,$33.00
True,XK1000428,20,10,Pint 1 - 4 Pack Brushed Stainless,$33.00
True,XK1000431,19,10,8oz Insulated Tumbler (w/Tumbler Lid) Brushed SS,$15.00
True,XK1000433,20,10,o 16oz Tumbler Insulated Brushed Stainless,$19.00
True,XK1000440,20,10,Kid Sport Cap 3.0 Green,$6.00
True,XK1000442,19,10,Kid Loop Cap Green,$6.00
True,XK1000443,16,10,Sport Cap 3.0 Black,$6.00
True,XK1000444,19,10,Loop Cap Black,$6.00
True,XK1000446,19,10,Steel Loop Cap Brushed Stainless,$9.00
True,XK1000448,18,10,Wide Loop Cap Black/Brushed Stainless,$6.00
True,XK1000449,20,10,Cafe Cap 2.0 Black,$9.00
True,XK1000454,20,10,Nipple - Slow Flow (for Baby Bottles),$6.00
True,XK1000455,20,10,Nipple - Medium Flow (for Baby Bottles),$6.00
True,XK1000456,20,10,Nipple - Fast Flow (for Baby Bottles),$6.00
True,XK1000472,20,10,Classic Cap Maintenance Kit Clear,$4.00
True,XK1000473,19,10,Wide Cap Maintenance Kit Black/Clear,$3.00
True,XK1000474,20,10,Cafe Cap 2.0 Maintenance Kit Black/Clear,$5.00
True,XK1002723,0,0,,
True,XK1002730,20,10,o Steel Straws - 4 Pk (Pints & Tumblers) - Black,$11.00
True,XK1002731,12,10,Tumbler Lid (Pints and Tumblers) Black,$5.00
True,XK1003062,20,10,8oz Insulated Tumbler (w/Tumbler Lid) Shale Black,$15.00
True,XK1003063,0,0,,
True,XK1003064,0,0,,
True,XK1003066,0,0,,
True,XK1003067,-1,0,,
True,XK1003075,14,10,18oz Classic Sport Cap Brushed Stainless,$16.00
True,XK1003076,20,10,18oz Classic Sport Cap Shale Black,$16.00
True,XK1003077,18,10,18oz Classic Sport Cap Coastal Waters,$16.00
True,XK1003081,19,10,18oz Classic Sport Cap Wild Orchid,$16.00
True,XK1003084,18,10,27oz Classic Sport Cap Brushed Stainless,$18.00
True,XK1003085,20,10,27oz Classic Sport Cap Shale Black,$18.00
True,XK1003086,0,0,27oz Classic Sport Cap Coastal Waters,$18.00
True,XK1003087,20,10,27oz Classic Sport Cap Sea Crest,$18.00
True,XK1003089,20,10,27oz Classic Sport Cap Lemon Curry,$18.00
True,XK1003090,19,10,27oz Classic Sport Cap Sierra Sunset,$18.00
True,XK1003091,0,0,,
True,XK1003092,19,10,27oz Classic Sport Cap Wild Orchid,$18.00
True,XK1003093,19,10,27oz Classic Sport Cap Winter Plum,$18.00
True,XK1003095,19,10,40oz Classic Loop Cap / Stainless,$25.00
True,XK1003096,20,10,40oz Classic Loop Cap / Shale Black,$25.00
True,XK1003098,0,0,,
True,XK1003099,19,10,64oz Classic Loop Cap Brushed Stainless,$32.00
True,XK1003100,19,10,64oz Classic Loop Cap Shale Black,$32.00
True,XK1003101,17,10,20oz Insulated Classic Loop Cap Brushed Stainless,$26.00
True,XK1003102,20,10,20oz Insulated Classic Loop Cap Shale Black,$26.00
True,XK1003103,19,10,20oz Insulated Classic Loop Coastal Waters,$26.00
True,XK1003104,18,10,20oz Insulated Classic Loop Sea Crest,$26.00
True,XK1003105,20,10,20oz Insulated Classic Loop Fresh Pine,$26.00
True,XK1003106,19,10,20oz Insulated Classic Loop Lemon Curry,$26.00
True,XK1003108,17,10,20oz Insulated Classic Loop Mineral Red,$26.00
True,XK1003113,20,10,32oz Insulated Classic Loop Shale Black,$32.00
True,XK1003114,20,10,32oz Insulated Classic Loop Coastal Waters,$32.00
True,XK1003115,20,10,32oz Insulated Classic Loop Sea Crest,$32.00
True,XK1003116,0,0,,
True,XK1003124,0,0,,
True,XK1003125,20,0,o 12oz Wide Insulated Cafe Cap Shale Black,$22.00
True,XK1003126,20,10,o 12oz Wide Insulated Cafe Cap Pacific Sky,$22.00
True,XK1003127,20,10,o 12oz Wide Insulated Cafe Cap Sea Crest,$22.00
True,XK1003128,0,0,,
True,XK1003129,20,10,o 12oz Wide Insulated Cafe Cap Mineral Red,$22.00
True,XK1003132,20,10,o 16oz Wide Insulated Cafe Cap Brushed Stainless,$24.00
True,XK1003133,20,10,o 16oz Wide Insulated Cafe Cap Shale Black,$24.00
True,XK1003134,20,10,o 16oz Wide Insulated Cafe Cap Pacific Sky,$24.00
True,XK1003135,20,10,o 16oz Wide Insulated Cafe Cap Sea Crest,$24.00
True,XK1003136,20,10,o 16oz Wide Insulated Cafe Cap Fresh Pine,$24.00
True,XK1003137,20,10,o 16oz Wide Insulated Cafe Cap Lemon Curry,$24.00
True,XK1003138,20,10,o 16oz Wide Insulated Cafe Cap Mineral Red,$24.00
True,XK1003139,20,10,o 16oz Wide Insulated Cafe Cap Wild Orchid,$24.00
True,XK1003140,20,10,o 16oz Wide Insulated Cafe Cap Winter Plum,$24.00
True,XK1003143,20,0,,
True,XK1003144,20,10,o 20oz Wide Insulated Cafe Cap Shale Black,$26.00
True,XK1003145,0,0,,
True,XK1003146,20,10,o 20oz Wide Insulated Cafe Cap Sea Crest,$26.00
True,XK1003147,0,0,,
True,XK1003148,20,10,o 20oz Wide Insulated Cafe Cap Lemon Curry,$26.00
True,XK1003149,20,10,o 20oz Wide Insulated Cafe Cap Mineral Red,$26.00
True,XK1003150,20,10,o 20oz Wide Insulated Cafe Cap Wild Orchid,$26.00
True,XK1003151,20,10,o 20oz Wide Insulated Cafe Cap Winter Plum,$26.00
True,XK1003154,18,10,o 12oz Classic Kid Sippy Cap Coastal Waters,$16.00
True,XK1003155,0,10,o 12oz Classic Kid Sippy Cap Sea Crest,$16.00
True,XK1003156,19,10,o 12oz Classic Kid Sippy Cap Mineral Red,$16.00
True,XK1003157,19,10,o 12oz Classic Kid Sippy Cap Wild Orchid,$16.00
True,XK1003158,20,10,o 12oz Classic Kid Sippy Cap Winter Plum,$16.00
True,XK1003161,-1,0,,
True,XK1003162,0,0,,
True,XK1003164,20,10,o 12oz Classic Kid Sport Cap Wild Orchid,$16.00
True,XK1003165,19,10,o 12oz Classic Kid Sport Cap Winter Plum,$16.00
True,XK1004909,20,10,TKPro .5L Brushed Stainless,$34.00
True,XK1004910,19,10,TKPro .75L Brushed Stainless,$38.00
True,XK1004911,17,10,TKPro 1L Brushed Stainless,$42.00
True,XK1004912,20,10,TKPro .5L Shale Black,$34.00
True,XK1004913,20,10,TKPro .75L Shale Black,$38.00
True,XK1004914,20,10,TKPro 1L Shale Black,$42.00
True,XK1005308,20,10,o 12oz Wide Insulated Caf Cap Lemon Curry,$22.00
True,XK1005665,20,10,TKWide 12oz (w/Caf Cap) Brushed Stainless,$25.00
True,XK1005666,19,10,TKWide 12oz (w/Caf Cap) Shale Black,$25.00
True,XK1005667,20,10,TKWide 12oz (w/Caf Cap) Kalamata,$25.00
True,XK1005668,20,10,TKWide 12oz (w/Caf Cap) Buttercup,$25.00
True,XK1005669,20,10,TKWide 12oz (w/Caf Cap) Berry Bright,$25.00
True,XK1005670,18,10,TKWide 12oz (w/Caf Cap) Emerald Bay,$25.00
True,XK1005671,20,10,TKWide 12oz (w/Caf Cap) Juicy Pear,$25.00
True,XK1005672,20,10,TKWide 12oz (w/Caf Cap) Melon Punch,$25.00
True,XK1005674,20,10,TKWide 16oz (w/Caf Cap) Brushed Stainless,$26.00
True,XK1005675,20,10,TKWide 16oz (w/Caf Cap) Shale Black,$26.00
True,XK1005676,20,10,TKWide 16oz (w/Caf Cap) Kalamata,$26.00
True,XK1005677,19,10,TKWide 16oz (w/Caf Cap) Buttercup,$26.00
True,XK1005678,20,10,TKWide 16oz (w/Caf Cap) Berry Bright,$26.00
True,XK1005679,20,10,TKWide 16oz (w/Caf Cap) Emerald Bay,$26.00
True,XK1005680,20,10,TKWide 16oz (w/Caf Cap) Juicy Pear,$26.00
True,XK1005681,20,10,TKWide 16oz (w/Caf Cap) Melon Punch,$26.00
True,XK1005683,18,10,TKWide 20oz (w/Caf Cap) Brushed Stainless,$28.00
True,XK1005684,18,10,TKWide 20oz (w/Caf Cap) Shale Black,$28.00
True,XK1005685,19,10,TKWide 20oz (w/Caf Cap) Kalamata,$28.00
True,XK1005686,20,10,TKWide 20oz (w/Caf Cap) Buttercup,$28.00
True,XK1005687,18,10,TKWide 20oz (w/Caf Cap) Berry Bright,$28.00
True,XK1005688,17,10,TKWide 20oz (w/Caf Cap) Emerald Bay,$28.00
True,XK1005689,19,10,TKWide 20oz (w/Caf Cap) Juicy Pear,$28.00
True,XK1005690,16,10,TKWide 20oz (w/Caf Cap) Melon Punch,$28.00
True,XK1005691,20,10,TKWide 32oz (w/Wide Loop Cap) Brushed Stainless,$35.00
True,XK1005692,20,10,TKWide 32oz (w/Wide Loop Cap) Shale Black,$35.00
True,XK1005693,20,10,TKWide 32oz (w/Wide Loop Cap) Kalamata,$35.00
True,XK1005694,19,10,TKWide 32oz (w/Wide Loop Cap) Juicy Pear,$35.00
True,XK1005695,20,10,TKWide 64oz (w/Wide Loop Cap) Brushed Stainless,$51.00
True,XK1005696,18,10,TKWide 64oz (w/Wide Loop Cap) Shale Black,$51.00
True,XK1005697,20,10,12oz Classic Kid Sippy Cap Brushed Stainless,$16.00
True,XK1005698,18,10,12oz Classic Kid Sippy Cap Pool Party,$16.00
True,XK1005699,18,10,12oz Classic Kid Sippy Cap Beach Bum,$16.00
True,XK1005700,20,10,12oz Classic Kid Sippy Cap Sugarplum Fairy,$16.00
True,XK1005701,19,10,12oz Classic Kid Sippy Cap Bubble Gum,$16.00
True,XK1005702,19,10,12oz Classic Kid Sippy Cap Sharks,$16.00
True,XK1005703,20,10,12oz Classic Kid Sippy Cap Millennial Hearts,$16.00
True,XK1005704,20,10,12oz Classic Kid Sports Cap Ladder Truck,$16.00
True,XK1005705,20,10,12oz Classic Kid Sports Cap Surfs Up,$16.00
True,XK1005706,20,10,12oz Classic Kid Sports Cap Bubble Gum,$16.00
True,XK1005707,20,10,12oz Classic Kid Sports Cap Grape Jelly,$16.00
True,XK1005708,19,10,12oz Classic Kid Sports Cap Dragon Snack,$16.00
True,XK1005709,19,10,12oz Classic Kid Sports Cap Jellyfish,$16.00
True,XK1005710,20,10,12oz Insulated Classic Kid SportCap Brushed SS,$22.00
True,XK1005711,19,10,12oz Insulated Classic Kid SportCap Lizard Tails,$22.00
True,XK1005712,19,10,12oz Insulated Classic Kid SportCap Pool Party,$22.00
True,XK1005713,17,10,12oz Insulated Classic Kid SportCap Ballet Slipper,$22.00
True,XK1005714,18,10,12oz Insulated Classic Kid SportCap Sugarplum Fary,$22.00
True,XK1005715,19,10,12oz Insulated Classic Kid SportCap Paper Dinos,$22.00
True,XK1005716,17,10,12oz Insulated Classic Kid SportCap Unicorn Leap,$22.00
True,XK1005718,19,10,Wide Loop Cap (for TKWide Bottles)black/brushed SS,$9.00
True,XK1005719,20,10,Caf Cap (for TKWide Bottles) black,$9.00
True,XK1005724,19,10,8oz Insulated Tumbler (w/Tumbler Lid) Berry Bright,$15.00
True,XK1005725,20,10,16oz Insulated Tumbler (w/Straw Lid) Brushed SS,$21.00
True,XK1005726,19,10,16oz Insulated Tumbler (w/Straw Lid) Shale Black,$21.00
True,XK1005727,19,10,16oz Insulated Tumbler (w/Straw Lid) Juicy Pear,$21.00
True,XK1005728,18,10,16oz Insulated Tumbler (w/Straw Lid) Emerald Bay,$21.00
True,XK1005729,19,10,16oz Insulated Tumbler (w/Straw Lid) Berry Bright,$21.00
True,XK1005789,20,10,Straw 4 Pack - 8 mm multi-colour/brushed stainless,$10.00
True,XK1005794,12,10,Wide Straw Cap(for TKWide Bottles)black/brushed SS,$9.00
True,XK1006097,20,10,12oz Classic Kid Sports Cap Brushed Stainless,$16.00
True,XK1006130,19,10,Straw 2 Pack - 8mm multi color/brushed stainless,$6.00
True,XK1006164,20,10,Straw 3 Pack - 10mm multi color/brushed stainless,$9.00
True,XK1006180,0,0,18oz Classic Sport Cap Lemon Curry,$16.00
True,XK1006464,20,10,Kid Sippy Cap / for Kid Classic Beach Glass,$5.00
True,XK1006465,19,10,Kid Sippy Cap / for Kid Classic Dark Purple,$5.00
True,XK1006466,20,10,Kid Sippy Cap / for Kid Classic Pink,$5.00
True,XK1006467,17,10,Kid Sport Cap Red,$5.00
True,XK1006468,19,10,Kid Sport Cap Alhambra,$5.00
True,XK1006469,19,10,Kid Sport Cap Azure,$5.00
True,XK1006470,16,10,Kid Sport Cap Pink,$5.00
True,XK1006471,16,10,Kid Sport Cap Beach Glass,$5.00
True,XK1006472,19,10,Kid Sport Cap Dark Purple,$5.00
True,XK1006526,20,10,Kid Sippy Cap / for Kid Classic Azure,$5.00
True,XKPPFA,20,10,o H2O Filter Adaptor for Classic Series,$4.50
True,XNCAL03R6,20,10,Cinch-A-Lot Stretch Strap - Blue,$4.00
True,XNCAL16R6,20,10,Cinch-A-Lot Stretch Strap - Yellow,$4.00
True,XNCJD11R3,20,10,"Dual CamJam 1"" Webbing Tensioner",$11.50
True,XNCJD1209R3,20,10,Dual CamJam Tie Down System 12 FT,$16.00
True,XNCJD1809R3,20,10,Dual CamJam Tie Down System 18 FT,$19.50
True,XNCSL601R6,20,10,SlideLock Carabiner Stainless Steel #6 - Black,$6.00
True,XNCSLA209R6,20,10,SlideLock Carabiner Aluminium #2 - Charcoal,$3.50
True,XNCSLA219R6,20,10,SlideLock Carabiner Aluminium #2 - Orange,$3.50
True,XNCSLA309R6,20,10,SlideLock Carabiner Aluminium #3 - Charcoal,$4.00
True,XNCSLA319R6,20,10,SlideLock Carabiner Aluminium #3 - Orange,$4.00
True,XNCSLA409R6,20,10,SlideLock Carabiner Aluminium #4 - Charcoal,$4.50
True,XNCSLA419R6,20,10,SlideLock Carabiner Aluminium #4 - Orange,$4.50
True,XNCSLAW303R6,20,10,SlideLock Key Ring Aluminium - Blue,$4.00
True,XNCSLAW317R6,20,10,SlideLock Key Ring Aluminium - Lime,$4.00
True,XNCSLAW319R6,20,10,SlideLock Key Ring Aluminium - Orange,$4.00
True,XNCSLW301R6,20,10,SlideLock Key Ring #3 - Black,$5.00
True,XNFLO11R7,20,10,FlipOut Handle + Stand,$16.00
True,XNIP209R7,18,10,INKA Key Chain Pen - Charcoal,$10.00
True,XNIP210R7,20,10,INKA Key Chain Pen - Red,$10.00
True,XNIP211R7,20,10,INKA Key Chain Pen - Silver,$10.00
True,XNKBS01R7,19,10,HideOut Magnetic Key Box,$8.50
True,XNKCK11R3,20,10,SlideLock KeyRack,$9.00
True,XNKMTC03R7,20,10,DoohicKey - Key Chain Hook Knife - Blue,$9.90
True,XNKMTC08R7,0,0,DoohicKey - Key Chain Hook Knife - Green,$9.90
True,XNKMTC19R7,20,10,DoohicKey - Key Chain Hook Knife - Orange,$9.90
True,XNKMTCK01R3,20,10,DoohicKey ClipKey Key Tool - Black,$5.00
True,XNKMTCK11R3,20,10,DoohicKey ClipKey Key Tool - Stainless,$5.00
True,XNKMTK03R7,20,10,DoohicKey - Key Chain Knife - Blue,$9.90
True,XNKMTK08R7,20,10,DoohicKey - Key Chain Knife - Green,$9.90
True,XNKMTK19R7,20,10,DoohicKey - Key Chain Knife - Orange,$9.90
True,XNKRG211R3,2,10,KeyRing S-Biner,$3.50
True,XNKRGP11R3,20,10,KeyRing Locker - S-Biner,$5.00
True,XNKSQR01R6,20,10,SqueezeRing Easy Load Key Clip - Black,$4.50
True,XNKSQR40R6,20,10,SqueezeRing Easy Load Key Clip - Copper,$4.50
True,XNLSB301R6,20,10,S-Biner SlideLock #3 - Black,$4.00
True,XNLSBA203R6,0,0,S-Biner SlideLock Aluminium #2 - Blue,$4.00
True,XNLSBA209R6,20,10,S-Biner SlideLock Aluminium #2 - Charcoal,$4.00
True,XNLSBA217R6,20,10,S-Biner SlideLock Aluminium #2 - Lime,$4.00
True,XNLSBA219R6,20,10,S-Biner SlideLock Aluminium #2 - Orange,$4.00
True,XNLSBA234A1R6,20,10,"S-Biner SlideLock Aluminium - 3 Pack of #2,#3,#4",$10.00
True,XNLSBA303R6,20,10,S-Biner SlideLock Aluminium #3 - Blue,$4.00
True,XNLSBA309R6,20,10,S-Biner SlideLock Aluminium #3 - Charcoal,$4.00
True,XNLSBA317R6,0,0,S-Biner SlideLock Aluminium #3 - Lime,$4.00
True,XNLSBA319R6,20,10,S-Biner SlideLock Aluminium #3 - Orange,$4.00
True,XNLSBA403R6,20,10,S-Biner SlideLock Aluminium #4 - Blue,$4.50
True,XNLSBA409R6,20,10,S-Biner SlideLock Aluminium #4 - Charcoal,$4.50
True,XNLSBA417R6,20,10,S-Biner SlideLock Aluminium #4 - Lime,$4.50
True,XNLSBA419R6,20,10,S-Biner SlideLock Aluminium #4 - Orange,$4.50
True,XNLSBMA032R6,20,10,S-Biner MicroLock Aluminum 2 Pack Blue,$4.00
True,XNLSBMA102R6,20,10,S-Biner MicroLock Aluminum #2 Pack Red,$4.00
True,XNLSBMA172R6,20,0,S-Biner MicroLock Aluminum 2 Pack Lime,$4.00
True,XNLSBMA192R6,20,10,S-Biner MicroLock Aluminum 2 Pack Orange,$4.00
True,XNLSBMAA15R7,20,10,S-Biner MicroLock Aluminum 5 Pack Assorted,$8.00
True,XNMCMT11R7,20,10,Financial Tool Money Clip + Pocket Tools,$19.90
True,XNMCT11R7,20,10,Financial Tool Multi Tool Money Clip - Stainless,$8.00
True,XNMGS02R6,20,10,LED Mini Glowstick - White,$3.00
True,XNMGS03R6,20,10,LED Mini Glowstick - Blue,$3.00
True,XNMGS10R6,20,10,LED Mini Glowstick - Red,$3.00
True,XNMGS28R6,20,10,LED Mini Glowstick - Green,$3.00
True,XNMSBL03R7,20,10,SlideLock 360 Magnetic Locking Carabiner - Blue,$12.50
True,XNMSBL09R7,19,10,SlideLock 360 Magnetic Locking Carabiner - Chrcl,$12.50
True,XNNCJLA01R3,20,10,CamJam XT Large Aluminium-Black,$12.00
True,XNNL1A01R7,20,10,3-in-1 LED Mini Flashlight - Black,$10.00
True,XNNL1A03R7,20,10,3-in-1 LED Mini Flashlight - Blue,$10.00
True,XNNL1A10R7,20,10,o 3-in-1 LED Mini Flashlight - Red,$10.00
True,XNNL1A17R7,19,10,3-in-1 LED Mini Flashlight - Lime,$10.00
True,XNNL3A01R7,20,10,o 3-in-1 LED Flashlight - Black,$14.50
True,XNNL3A10R7,20,10,o 3-in-1 LED Flashlight - Red,$14.50
True,XNR100ML09R8,20,10,o Radiant 100 Mini Lantern,$17.00
True,XNR200CL09R8,20,10,o Radiant 200 2-in-1 Collapsible Lantern,$33.00
True,XNSBA203R6,20,10,S-Biner Dual Carabiner Aluminium #2 - Blue,$3.00
True,XNSBA209R6,20,10,S-Biner Dual Carabiner Aluminium #2 - Charcoal,$3.00
True,XNSBA217R6,20,10,S-Biner Dual Carabiner Aluminium #2 - Lime,$3.00
True,XNSBA219R6,20,10,S-Biner Dual Carabiner Aluminium #2 - Orange,$3.00
True,XNSBA234A1R6,20,10,S-Biner Dual Carabiner Aluminium - 3 Pack,$8.00
True,XNSBA303R6,19,10,S-Biner Dual Carabiner Aluminium #3 - Blue,$3.00
True,XNSBA309R6,20,10,S-Biner Dual Carabiner Aluminium #3 - Charcoal,$3.00
True,XNSBA317R6,19,10,S-Biner Dual Carabiner Aluminium #3 - Lime,$3.00
True,XNSBA319R6,20,10,S-Biner Dual Carabiner Aluminium #3 - Orange,$3.00
True,XNSBA403R6,20,10,S-Biner Dual Carabiner Aluminium #4 - Blue,$4.00
True,XNSBA409R6,20,10,S-Biner Dual Carabiner Aluminium #4 - Charcoal,$4.00
True,XNSBA417R6,20,10,S-Biner Dual Carabiner Aluminium #4 - Lime,$4.00
True,XNSBA419R6,20,10,S-Biner Dual Carabiner Aluminium #4 - Orange,$4.00
True,XNSBML211R6,20,10,S-Biner Marine SlideLock #2,$5.00
True,XNSBML311R6,20,10,S-Biner Marine SlideLock #3,$5.00
True,XNSBML411R6,20,10,S-Biner Marine SlideLock #4,$6.00
True,XNSTCKP01R8,20,10,Steelie Dash Mount Kit Plus,$26.00
True,XNSTCV11CTD,20,10,Steelie Car/Vent Mount Combo Counter 12 pc Display,$290.00
True,XNSTFWK01R8,20,10,Steelie FreeMount Windshield Kit,$39.00
True,XNSTHDM11R7,18,10,Steelie Magnetic Phone Socket Plus,$13.00
True,XNSTMS01R7,20,10,Steelie MultiStick Adaptor,$4.00
True,XNSTO01R7,20,10,Steelie Orbiter Magnetic Socket+Metal Plate,$17.00
True,XNSTODK01R8,20,10,Steelie Orbiter Dash Mount Kit,$26.00
True,XNSTOVK01R8,20,10,Steelie Orbiter Vent Mount Kit,$26.00
True,XNSTVKP01R8,20,10,Steelie Vent Mount Kit Plus,$26.00
True,XNSTWS01R8,20,10,Steelie Windshield Mount - Component,$25.00
True,XPAQMPEF,20,10,SteriPEN Aqua,$85.00
True,XPQUMPEFG,20,10,o SteriPEN Quantum UV Water Purifier,$62.50
True,XPQUPFSYSEFG,0,0,,
True,XPRAP4LEFG,19,10,o SteriPEN RapidPURE 4 liter Vessel [pack of 2],$35.00
True,YH3001,20,10,"10"" Diamond Oval Sharpening Steel",$42.00
True,YH50496,20,10,Mechanical Broadhead Sharpening System,$40.50
True,YH50523,20,10,Axe & Machete Sharpener,$15.00
True,YH50538,20,10,EdgeSport Pack Pal Sharpener and Fire Starter,$13.00
True,YH50562,20,10,Natural Tinder Maker with Fire Starter,$13.00
True,YH50591,20,10,Deluxe Diamond Precision Sharpening System,$79.50
True,YH50593,20,10,Diamond Precision Sharpening System,$51.50
True,YH50602,20,10,Mower Blade Sharpener,$15.00
True,YH50622,20,10,Fillet Knife & Hook Sharpener,$9.00
True,YH50624,20,10,o JIFF-FISH Knife Sharpener & Fishing Tool,$18.00
True,YH50626,20,10,o Hook File & Knife Sharpener,$19.00
True,YH50630,0,0,,
True,YH50729,19,10,Deluxe Knife & Hook Sharpener,$9.00
True,YH50737,20,10,"o 9"" Round ceramic Sharpening Rod",$27.00
True,YKM10001,20,10,Classic No.1 High Carbon Steel / Box,$15.00
True,YKM10003,20,10,Classic No.3 High Carbon / Box,$23.00
True,YKM1061600,19,10,Woodcarving 120 / Loose,$23.00
True,YKM1061630,19,10,Woodcarving 106 / Loose,$23.00
True,YKM1061650,20,10,Wood Carving 105 Laminated Steel / Loose,$24.00
True,YKM11828,20,10,Companion Res Serr/Display Box of 15 Blunt,$250.00
True,YKM11859,20,10,Fire Starter / Clam,$18.00
True,YKM11883,20,10,"Diamond SharpenerL-Fine, Hone & Stone / Clam",$18.00
True,YKM11934,20,10,Original 1 Laminated Steel/Lth Shth/Gift Box,$81.00
True,YKM12039,20,10,Wood Splitter 220 HighCarbon Steel / Box,$45.00
True,YKM12058,20,10,Outdoor Axe Orange / Clam,$62.00
True,YKM12096,20,10,Outdoor Kit Orange Set of Axe & Knife / Clam,$89.00
True,YKM12294,20,10,Tactical MOLLE compatible sheath / Box,$70.00
True,YKM12295,20,10,Tactical SRT MOLLE compatible sheath / Box,$76.00
True,YKM12320,20,10,Basic 511 Carbon Steel Allround Knife/40 pc Bucket,$320.00
True,YKM12351,20,10,Companion Tactical MOLLE compatible sheath / Box,$40.00
True,YKM12490,20,10,Bushcraft Black / Box,$48.00
True,YKM12491,20,10,Bushcraft Black SRT / Box,$56.00
True,YKM12670,20,10,Woodcarving Kit Carving Knife & Wooden Horse / Box,$52.00
True,YKM12818,0,0,,
True,YKM13100,20,10,Garberg Black C with Leather Sheath,$134.00
True,YKM13131,20,10,Floating Serrated Knife / Loose,$31.00
True,YKM13147,20,10,Garberg Black C Multi-Mount / Box,$122.00
True,YKM5019860,0,0,"Diamond Sharpener26Fine, Leather Sheath / Clam",$32.00
True,YKMZ12749,0,0,Morakniv Cardboard Stand for 5 knives,$28.00
True,YL501509,0,0,,
True,YL501510,20,10,SO LL** Monarch 6 Light #,$21.90
True,YL830663D,0,0,o Ltd Edit Charge - Damascus Handle,"$1,112.50"
True,YL832130,20,10,REV / No sheath / Box,$58.75
True,YL832369,20,10,o Juice CS3 Cinnabar Orange /Box,$34.40
True,YL832370,20,10,o Juice CS3 Columbia Blue/Box,$34.40
True,YL832371,20,10,o Juice CS3 Moss Green /Box,$34.40
True,YL832382,19,10,SKELETOOL KBx Stainless Combo / Box,$41.88
True,YL832383,20,10,SKELETOOL KBx Denim Combo / Box,$41.88
True,YL832384,20,10,SKELETOOL KBx Sublime Combo / Box,$41.88
True,YL832385,20,10,SKELETOOL KB Black / Box,$45.00
True,YL832423,20,10,SKELETOOL KB Black / Clam,$45.00
True,YL832424,0,0,,
True,YL832425,0,0,,
True,YL832426,0,0,,
True,YL832515,20,10,Charge Plus w/Button Sheath - Peg,$223.75
True,YL832516,20,10,Charge Plus w/Button Sheath - Box,$223.75
True,YL832518,20,10,o Heritage PST Original Leather Sheath - Box,$250.00
True,YL832522,20,10,Wingman w/ Nylon Button Sheath - Clam,$83.75
True,YL832523,20,10,Wingman w/ Nylon Button Sheath - Box,$83.75
True,YL832524,20,10,Wave Plus w/ Nylon Button Sheath - Box,$159.38
True,YL832525,20,10,Wave Plus w/ Nylon Button Sheath - Clam,$159.38
True,YL832526,20,10,Wave Plus Black w/Molle Sheath - Box,$168.13
True,YL832528,20,10,Charge Plus TTi w/Button Sheath - Box,$270.00
True,YL832586,20,10,Signal Black / Box,$196.88
True,YL832601,20,10,Charge Plus Black w/ Black Molle Sheath Box,$242.50
True,YLA934501,20,10,Fire Starter/Whistle to fit Signal,$11.88
True,YLA935000,20,10,Diamond Sharpener to fit Signal,$16.25
True,YLS934927,20,10,Sheath Nylon Black Small - Fits Juice /Leap Models,$15.63
True,YLS934928,20,10,Sheath Nylon Black Medium,$15.63
True,YLS934929,19,10,Sheath Nylon Black Large,$15.63
True,YLS934932,20,10,Sheath Nylon Black Medium w/ 4 Pockets,$23.13
True,YLS934933,19,10,Sheath Nylon Black Large 4 Pocket,$23.13
True,YLW125500,20,10,o Leatherman Limited Edition Timepiece Black,$399.00
True,YM10M,19,10,10-M Lockback,$104.00
True,YM25M,20,10,25-M Lockback,$88.00
True,YMBRACO11R,20,10,BRACO-11R / Coral Handle,$72.00
True,YMBW19,20,10,BW-19 / Coral Handle,$109.00
True,YMBWF10,20,10,BWF-10 / Coral Handle,$53.00
True,YMBX8LR,20,10,BX-8LR Lockback / Textured Coral Handle,$81.00
True,YMBX8OL,20,10,BX-8.OL Lockback / Olive Handle,$95.00
True,YMBX8R,20,10,BX-8R Lockback / Coral Handle,$93.00
True,YMCAZ16R,20,10,CAZ-16R / Rosewood Handle,$73.00
True,YMDP10M,20,10,DP-10M / Coral Handle,$53.00
True,YMGAUCHO20M,20,10,GAUCHO-20M / Black Handle,$119.00
True,YMGRIZ12G,0,0,Grizzly 12G / Black Handle,$74.00
True,YMGT8MB,20,10,GT-8M.B lockback / black & Beige Handle,$94.00
True,YMGT8MOL,20,10,GT-8M.OL Lockback / Olive & Black Handle,$94.00
True,YMJABALI17E,0,0,JABALI-17E / Coral Handle,$92.00
True,YMKODIAK10SVG,20,10,KODIAK-10SV.G,$129.00
True,YMNICKER11RE,20,10,o NICKER-11R.E / Scarlet Pakka Handle,$71.00
True,YMRANGER12,20,10,RANGER-12/ Coral Handle,$59.00
True,YMRHINO10SVM,20,10,RHINO-10SV.M / Black Handle,$157.00
True,YMSCORPION26G,20,10,SCORPION-26G / Black Rubber Handle,$79.00
True,YMTANTO19W,0,0,TANTO-19W / Rubber Handle,$94.00
True,YMTORNADO18W,20,10,TORNADO-18W / Rubber Handle,$95.00
True,YMURIAL19CO,20,10,URIAL-19CO / Cocobolo Pakka Handle,$144.00
True,YS303FCBN2,20,10,o SO** Double Stuff,$69.00
True,YSBY17SOR2,20,10,Cara Cara 2 Rescue Orange Handle/Serr Blade,$44.50
True,YSC07GP4,20,10,o Police Model 4 K390 Black Handle/Plain Blade,$290.00
True,YSC11FPWCBK,20,10,o SO** Delica 4 Flat Grnd Wharncliffe Blk/PlBld,$113.00
True,YSC217GP,20,10,o SO** Caribbean LC200N Plain/Ylw Blk Handle,$245.00
True,YSC217GS,20,10,o SO** Caribbean LC200N Serr/Ylw Blk Handle,$245.00
True,YSC222GPGY,20,10,o Alcyone CTS BD1 Gray Handle/Plain Blade,$93.00
True,YSC223GPBK,0,10,Para 3 Black Handle/Plain Black Blade,$209.50
True,YSC223GPCMO,20,10,o Para 3 Camo Handle / Plain Blade,$198.00
True,YSC223GPCMOBK,20,10,Para 3 Camo Handle/Plain Black Blade,$209.50
True,YSC223GPDBL,20,10,o Para 3 CPM S110V Dk Blue Handle / Plain Blade,$246.50
True,YSC223GPS,0,10,Para 3 Black Handle / Combo Blade,$198.00
True,YSC224GP,0,0,,
True,YSC229GP,20,10,o SO** Shaman Black Handle/Plain Blade,$270.00
True,YSC229GS,20,10,o SO** Shaman Black Handle/Serr Blade,$270.00
True,YSC241CFP,20,10,Kapara Plain Blade (Aussie design),$280.00
True,YSC28SYL2HB,20,10,o SO** Dragonfly 2 Salt Hawkbill Serr Ylw Hdle,$96.00
True,YSC81GS2,20,10,o Para Military 2 Black Handle/Serr Blade,$208.50
True,YSC88PBBK2,20,0,Salt 2 Black Blade/H1 Black Handle/Plain Blade,$142.00
True,YSC88PYL2,20,10,Salt 2 H1 Yellow Handle/Plain Blade,$126.50
True,YSC88SBBK2,20,10,Salt 2 Black Blade/H1 Black Handle/Serr Blade,$142.00
True,YSC88SYL2,20,10,Salt 2 H1 Yellow Handle/Serr Blade,$126.50
True,YSMYLS,19,10,o SO** Manbug Salt H1 Lightwt Ylw Hdl/Serr Bld,$77.00
True,YSSP2,0,0,,
True,YUSCHF1,0,0,"12"" Extreme Survival Special Forces Fixed Blade wS",$116.00
True,YUSCHF37,20,10,Frontier LGE 1095 High Carbon Steel Blade W/sheath,$54.50
True,YUSCHF38,20,10,Frontier MED 1095 High Carbon Steel Blade W/sheath,$54.50
True,YUUHCOM2CP,20,10,182UH & 301UH Combo w/Leather Sheath,$65.00
True,ZL0355,20,10,Charging unit to fit single 18650 battery,$16.25
True,ZL0391,20,10,o Floating Charge System M17R/P17R/X21R.2,$48.75
True,ZL0413,20,10,USB Adaptor for XEO Batt > H7.2/H7R.2/H14.2/H14R.2,$10.00
True,ZL1B1200A0180,20,10,Power supply for MT18/X21R.2/XEO19R/M17R/P17R,$38.15
True,ZL1B1500A0244,20,10,Charge cable AU Plug MT18/X21R.2/XEO19R/P17R/M17R,$5.00
True,ZL500842,20,10,o Car Adaptor to suite Floating Charge bracket,$5.00
True,ZL500852,20,10,H8R - Clam,$98.75
True,ZL500853,20,10,H8R - Gift Box,$98.75
True,ZL500882,20,10,P3 / Gift Box,$16.25
True,ZL500883,20,10,P3 / Test It Clam,$16.25
True,ZL500895,20,10,P5 / Gift Box,$58.75
True,ZL500896,20,10,P5 / TestIt Clam,$58.75
True,ZL500897,20,10,P5R / gift box,$98.75
True,ZL500900,20,10,P7 / Test It Clam,$71.25
True,ZL500901,20,10,P14 / Gift Box,$85.00
True,ZL500902,0,0,,
True,ZL500903,20,10,P17 / Gift Box,$99.88
True,ZL500904,20,10,P17 / Test It Clam,$99.88
True,ZL500914,20,10,NEO4 Blue / Box,$32.50
True,ZL500915,20,10,NEO4 Green / Box,$32.50
True,ZL500916,20,10,NEO4 Pink / Box,$32.50
True,ZL500917,20,10,NEO10R Blue Rechargeable / Box,$108.75
True,ZL500918,20,10,NEO6R Blue Rechargeable / Box,$54.38
True,ZL500919,20,10,NEO6R Green Rechargeable / Box,$54.38
True,ZL500920,20,10,NEO6R Pink Rechargeable / Box,$54.38
True,ZL500921,20,10,P6 / Gift Box,$60.00
True,ZL500922,0,0,,
True,ZL500929,20,10,ML6 Lantern / Rechargeable,$82.50
True,ZL500935,20,10,o Reflective Chest Belt for NEO Models,$16.88
True,ZL500936,20,10,Li-Ion rechargeable Battery NEO6R,$23.75
True,ZL500937,20,10,o Extension Cable NEO6R / Box,$11.25
True,ZL500948,20,10,MH3 Black & White / Window Box,$48.13
True,ZL500950,0,0,,
True,ZL500980,20,10,4 x Ledlenser AA Alkaline Ionic,$3.50
True,ZL500981,20,10,4 x Ledlenser AAA Alkaline Ionic,$3.50
True,ZL500982,20,10,NEO4 Black / Box,$32.50
True,ZL500983,20,10,NEO6R Black Rechargeable / Box,$54.38
True,ZL500984,20,10,NEO10R Black Rechargeable / Box,$108.75
True,ZL500985,20,10,"14500 Li-Ion rech.batt MH3,MH4,MH5",$15.00
True,ZL500986,20,10,Charging station and 14500 li-ion rechgble battery,$22.50
True,ZL500987,20,10,"Li-Ion Rechargeable Battery Pack suits MH7,MH8",$21.25
True,ZL500990,20,10,MH7 Black & White / Window Box,$95.63
True,ZL500991,20,10,o MH7 Green / Window Box,$95.63
True,ZL500992,20,10,o MH7 Blue / Window Box,$95.63
True,ZL500993,20,10,Tripod Type A - 30mm to 45mm Diameter Range,$23.75
True,ZL500996,20,10,MH11 Black & Gray / Box / Rechargeable,$160.00
True,ZL500997,20,10,MH11 Blue & White / Box / Rechargeable,$160.00
True,ZL501001,20,10,18650 battery 3.7 V / 3400mAh,$27.50
True,ZL501002,20,10,26650 battery 3.7v 5000 mAh MT14/i9r Iron,$32.50
True,ZL501033,20,10,"Magnetic Mount / fits MT10,MT14",$46.25
True,ZL501046,20,10,P7 / Gift Box,$71.25
True,ZL501048,20,10,P3R / Gift Box,$55.00
True,ZL501049,20,10,P17R / Gift Box Rechargeable,$268.75
True,ZL501506,20,10,"Colour Filter Set x 4 / 36mm MH10,H8R,H7.2,H7R.2",$15.00
True,ZL501507,20,10,Colour Filter Blue 85.5mm / fits MT18,$27.50
True,ZL501508,20,10,Colour Filter Red 85.5mm / Fits MT18,$27.50
True,ZL501509,20,10,Colour Filter Green 85.5mm / Fits MT18,$27.50
True,ZL501510,20,10,Colour Filter Yellow 85.5mm / Fits MT18,$27.50
True,ZL501593,20,10,o MH3 Green / Window Box,$48.13
True,ZL501594,20,10,o MH3 Blue / Window Box,$48.13
True,ZL501951,20,10,o MH5 Blue / Window Box,$63.75
True,ZL501952,20,10,o MH5 Green / Window Box,$63.75
True,ZL501967,20,10,X21R / Hard Case,$625.00
True,ZL502002,20,10,iF8R/ Box,$261.90
True,ZL502003,20,10,iW4R/ Box,$54.40
True,ZL502004,20,10,iW5R/ Box,$78.15
True,ZL502005,20,10,iW7R/ Box,$106.25
True,ZL502006,20,10,iW5R flex/ Box,$86.25
True,ZL502028,20,10,Alkaline Ionic Battery Display 24 x AA / 24 x AAA,$42.00
True,ZL6007R,20,10,SEO 7R - Blue / Rechargeable / Box,$111.25
True,ZL7296,20,10,H6 Headlamp / Box,$67.50
True,ZL7296R,20,10,H6R Headlamp - Box / Rechargeable,$90.00
True,ZL7396,20,10,H6 Headlamp - Test It Clam,$67.50
True,ZL7795,20,10,Battery for Updated H14R.2 (18650 1s2p ),$60.00
True,ZL7859,20,10,o CAR CHARGER for H14R,$10.65
True,ZLH7H7HEADSTRAP,20,10,Headstrap H7 H7R H3 H3.2 H5 / H6 (No top strap),$5.65
True,ZLLL0370LA,18,10,Headstrap FULL suits H7.2 and H7R.2,$5.65
True,ZLLL9785LA,19,10,o Charging Holder for X21R & P17R,$20.65
True,ZLLL9835LA,20,10,Headband f. H14/H14R/H14.2/H14R.2,$8.75
True,ZLLL9895L0,20,10,o Intelligent Clip to suit M17R/P17R,$4.40
True,YLS832594,20,10,Sheath Heritage Brown Medium / Peg,$30.63
True,WP741340,20,10,Aeril Small,$107.00
True,WP741351,20,10,Aeril Large (Includes 6 Skewers FREE),$116.50
True,XK1006772,20,10,8oz Insulated Tumbler (w/Tumbler Lid) Juicy Pear,$15.00
True,XNCSLA3V2R6,0,0,,
True,XNCTDMSTOKA1,20,10,Steelie Orbiter Dash/Vent MNT Counter 12pc Display,$362.00
True,XNHPAT01R7,16,10,Hitch Phone Anchor+Tether-Blk Tether/Blk MicroLock,$10.50
True,XPULLMPEFG,20,10,STERIPEN UltraLight UV Water Purifier,$119.00
True,YHB1001,18,10,Honey Badger Flip Large - Black,$42.50
True,YHB1011,20,10,Honey Badger Flip Medium - Black,$39.00
True,YHB1021,20,10,Honey Badger Flip Small - Black,$37.00
True,YHB1101,20,10,Honey Badger Claw Large - Black Plain,$42.00
True,YHB1111,20,10,Honey Badger Claw Large - Black Serrated,$42.00
True,YHB1121,20,10,Honey Badger Claw Medium - Black Plain,$39.00
True,YHB1131,20,10,Honey Badger Claw Medium - Black Serrated,$39.00
True,YHB1141,20,10,Honey Badger Claw Small - Black Plain,$38.00
True,YHB1151,20,10,Honey Badger Claw Small - Black Serrated,$38.00
True,YHB1253,20,10,Honey Badger Hook Large - Green,$39.00
True,YHB1261,20,10,Honey Badger Hook Medium - Black,$39.00
True,YHB1263,20,10,Honey Badger Hook Medium - Green,$39.00
True,YKM13443,19,10,Woodcarving Hook Knife 164 Right / Box (no sheath),$32.00
True,YKM13501,20,10,"Eldris, Burnt Orange / Box",$34.00
True,YKM13502,20,10,"Eldris, Burnt Orange, with Fire Kit / Box",$53.00
True,YKM13505,19,10,"Kansbol, Burnt Orange / Box",$44.50
True,YKM13507,20,10,"Kansbol, Burnt Orange, with Multi-Mount / Box",$65.00
True,YKM13567,20,10,Companion Spark Black / Clam,$36.00
True,YLS934935,20,10,Ainsworth Leather Sheath Medium,$70.63
True,YLS934936,20,10,Ainsworth Leather Sheath Large,$70.63
True,YLZ213090,20,10,"Flat Head Bit Driver (1/4"" & 3/16"")",$5.00
True,YLZ213190,18,10,"Eyeglass Bit - Suits Wave Plus, Charge Plus Models",$5.00
True,YLZ217990,19,10,Phillips/Flat Bit (No.1-2 Flat + 3/16 Phillips),$5.00
True,YSC11FSWCBK,20,10,o Delica 4 Flat Ground Wharncliffe Black handle,$113.00
True,ZL501096,20,10,H4 / Box,$41.25
True,ZL501098,20,10,H4R / Box,$62.50
True,ZZ00315B02,20,10,Universal Headband Helmet Clips 4 x Pack,$5.95
