Order ID,Order Line SKU,Brand,Name,Order Line Qty,Part NO.,Primary Supplier,Customer Instructions,Sales Channel
N1098550,PNYCOMP32001,Penny,Penny Complete Cruiser Skateboard - 32 Blackout,1,,AbsoluteBoard,If no one is home please leave on back patio under table,Website
N1098583,ARBC29010,Arbor,Arbor Complete Cruiser Skateboard - Pilsner Artist - Draplin,1,,AbsoluteBoard,,Website
KOGAN-8827741,9.3187E+12,Mirage,"Mirage Mission Silitex Mask, Snorkel & Fins Set L/XL Teal",1,FSET-12  TELLXL,Cape Byron,,Kogan Import
MD2708191532393,9.3187E+12,Mirage,Mirage Adult Cruise Silicone Mask and Snorkel Set Blue,2,SET-23   BLU,Cape Byron,,MyDeal
N1098528,9.3187E+12,Crystal,Crystal Girls Superstretch 2mm Springsuit - Purple (Size 12),1,WS7      PURS12,Cape Byron,,Website
N1098535,9.3187E+12,Mirage,Mirage Spear Head Conical Tip Double Flopper 7mm,1,,Cape Byron,,eBay
N1098543,9.3187E+12,Crystal,Crystal Women's Superstretch Steamer 3/2mm Wetsuits - Purple/Black (Size 14),1,WS6      PBLS14,Cape Byron,,Website
N1098549,9.3187E+12,Crystal,Crystal Malibu Surfboard Pink Size 6'2,1,,Cape Byron,Delivery between 7am to 3:00pm Monday to Friday,Website
N1098561,9.3187E+12,Mirage,Mirage Rock Gripper Boot - Black/Blue (Size 11),1,B025     BLKS11,Cape Byron,,Website
MD2708191723172,GMA1265,Elemental,Elemental Pegless Clothesline ,1,,Companion Brands,,MyDeal
N1098490,504005,Kookaburra,Kookaburra Portable Toilet 5 Litre,1,,Companion Brands,,Catch
N1098521,PRI0012,Primus,Primus Camp Shower High Volume 12 Volt,1,,Companion Brands,,Catch
N1098522,GMA2015,Elemental,Elemental Pop Up Pooper ,1,,Companion Brands,,Website
N1098526,GMA2015,Elemental,Elemental Pop Up Pooper ,1,,Companion Brands,,Website
N1098531,COMP200,Companion,Companion Stockman Deluxe 2 Burner Stove,1,,Companion Brands,,Catch
N1098532,HVS135KH,Havasac,Havasac Canvas Duffle Bag Khaki,1,,Companion Brands,,Website
N1098533,ST0104,Zebra,Zebra Premium Stainless Steel Billy 16cm,1,,Companion Brands,,eBay
N1098537,HVS135OL,Havasac,Havasac Canvas Duffle Bag Olive,1,,Companion Brands,,Website
N1098555,HS06,COI Leisure,COI Leisure Shock Cords Black 6mm (Length 100m),2,,Companion Brands,,Website
N1098559,ST0312,Campfire,Campfire Stainless Steel Mug 10cm 115gm,1,,Companion Brands,,Website
N1098572,GMA2016,Elemental,Elemental Folding Portable Toilet ,1,,Companion Brands,,Website
N1098576,585434,Campfire,Campfire Compact Stainless Steel Billy Kettle,1,,Companion Brands,,Catch
N1098577,COMP0634,Companion,Companion XR10 700 Lumen Rechargeable Spotlight,1,,Companion Brands,,Website
N1098578,COMP771B,Companion,Companion Pop Up Dish Tray And Tub Blue ,1,,Companion Brands,,Catch
N1098580,COMP566B,Companion,Companion Pop Up Bucket With Lid 9.5L Blue,2,,Companion Brands,,eBay
N1098586,CO2236,Keep Cold,Keep Cold Water Cooler With Side Handle 36 Litre,1,,Companion Brands,,eBay
N1098592,HVS135OL,Havasac,Havasac Canvas Duffle Bag Olive,1,,Companion Brands,,Website
N1098592,HVS135KH,Havasac,Havasac Canvas Duffle Bag Khaki,1,,Companion Brands,,Website
N1098593,P54QD-14,Campfire,Campfire Quad Jaffle Iron Pre Seasoned ,1,,Companion Brands,,eBay
MD2308191113109,SB-ENV-CP-GREY,Unbranded,Weisshorn 2 in 1 Thermal Sleeping Bag - Grey,2,,Dropshipzone,,MyDeal
N1098440,RAEEZ01-168,Rossignol,Rossignol 168cm Experience 77 ca Snow Ski 2nd Quality with Look Binding,1,,FIND Imports,,Control Panel
N1098440,RBH8410_255,Rossignol,Rossignol Ski Boots Speed Rental - Dark Blue - 255,1,,FIND Imports,,Control Panel
N1098524,FINDSNB19073,Trans ,Trans Snowboard Cu Wide Rocker Sidewall 158cm,1,,FIND Imports,,Website
N1098571,FINDSNB19009,Empre ,Empre Snowboard Empire Zeroone 01 - Pink Camber Capped 163cm,1,,FIND Imports,Leave at reception at Valley View Lodge,Website
N1098571,FINDSNB19008,Emprie ,Emprie Snowboard Empire Zeroone 01 - Red Camber Capped 163cm,1,,FIND Imports,Leave at reception at Valley View Lodge,Website
N1098571,FINDSNB19443,Felice,Felice Snowboard snowboards Camber Capped 138cm,1,,FIND Imports,Leave at reception at Valley View Lodge,Website
N1098571,FINDSNB19079,Aria ,Aria Snowboard Draw Liner Grey Camber Capped 157.5cm,1,,FIND Imports,Leave at reception at Valley View Lodge,Website
N1098571,FINDSNOWBIND19001_ML,FIND™,FIND™ Snowboard Binding TRACTION Model Size M/L,3,,FIND Imports,Leave at reception at Valley View Lodge,Website
N1098571,FINDSNOWBIND19001_SM,FIND™,FIND™ Snowboard Binding TRACTION Model Size S/M,1,,FIND Imports,Leave at reception at Valley View Lodge,Website
N1098571,FINDSNOWBOOT19001_10.5,FIND™,FIND™ Realm Lace Black Snowboard Boots Size 10.5,2,,FIND Imports,Leave at reception at Valley View Lodge,Website
N1098571,FINDSNOWBOOT19001_11.5,FIND™,FIND™ Realm Lace Black Snowboard Boots Size 11.5,1,,FIND Imports,Leave at reception at Valley View Lodge,Website
N1098571,FINDSNOWBOOT19001_5,FIND™,FIND™ Realm Lace Black Snowboard Boots Size 5,1,,FIND Imports,Leave at reception at Valley View Lodge,Website
N1098579,FINDBG_PACKAGE_LARGE,SP ,SP Snowboard Bindings black Large,1,,FIND Imports,,Website
MD2708191116124,663450023,ADRENALIN,Adrenalin 2mm Hooded Sleeveless Wetsuit Vest S,1,,Home Grown Brands,,MyDeal
MD2708191347232,663450023,ADRENALIN,Adrenalin 2mm Hooded Sleeveless Wetsuit Vest S,1,,Home Grown Brands,,MyDeal
N1097798,6622211102,ADRENALIN,Adrenalin Ladies Steamer Long Sleeve & Leg 3mm/2mm Wetsuit 10 Pink,1,,Home Grown Brands,,Website
N1098529,662922124,ADRENALIN,Adrenalin Mens & Ladies Thermal PP Fleece Superstretch Lycra Long Pants M Black,1,,Home Grown Brands,,Website
N1098529,662911224,ADRENALIN,Adrenalin Thermal 2P Fleece Rash Top Superstretch Long Sleeve M Black,1,,Home Grown Brands,,Website
N1098539,662922126,ADRENALIN,Adrenalin Mens & Ladies Thermal PP Fleece Superstretch Lycra Long Pants XL Black,1,,Home Grown Brands,,Website
N1098546,6613522160,ADRENALIN,Adrenalin Junior Aquasport Spring Wetsuit 16 Blue,1,,Home Grown Brands,,Website
N1098563,631366,Land & Sea,Land & Sea Express Rubber Fin (9-11) Large Blue,1,,Home Grown Brands,,Website
N1098566,6622226,ADRENALIN,Adrenalin Camo Stealth 3mm Steamer Wetsuit XL Green,1,,Home Grown Brands,,Website
N1098568,6816050,Land & Sea,Land & Sea Heavy Duty Catch Bag,2,,Home Grown Brands,,eBay
N1098570,662922226,ADRENALIN,Adrenalin 2P Thermo Wetsuit Short Pants XL,1,,Home Grown Brands,,Website
N1098573,662911226,ADRENALIN,Adrenalin Thermal 2P Fleece Rash Top Superstretch Long Sleeve XL Black,1,,Home Grown Brands,,eBay
N1098581,662815518,ADRENALIN,Adrenalin Ladies Rash Vest Lycra Long Sleeve 18 Aqua ,1,,Home Grown Brands,,Website
N1098585,6628104145,ADRENALIN,Adrenalin Junior Rash Vest Lycra Long Sleeve High Visibility 14 Blue,1,,Home Grown Brands,pls leave at front foor,Website
N1098585,6628104165,ADRENALIN,Adrenalin Junior Rash Vest Lycra Long Sleeve High Visibility 16 Blue,1,,Home Grown Brands,pls leave at front foor,Website
N1098585,66281041216,ADRENALIN,Adrenalin Junior Rash Vest Lycra Long Sleeve High Visibility 12 Hot Pink,1,,Home Grown Brands,pls leave at front foor,Website
N1098585,6628104125,ADRENALIN,Adrenalin Junior Rash Vest Lycra Long Sleeve High Visibility 12 Blue,1,,Home Grown Brands,pls leave at front foor,Website
N1098585,6628113225,ADRENALIN,Adrenalin Adult Rash Vest Lycra Long Sleeve High Visibility XS Blue,1,,Home Grown Brands,pls leave at front foor,Website
N1097957,W32TS407,Hydro Flask,Hydro Flask 32oz / 946ml Wide Mouth Steel Water Bottle - Cobalt,1,,Hydro Flask,,Website
N1097957,WSLB407,Hydro Flask,Hydro Flask Accessories Wide Mouth Flex Straw Lid - Cobalt,1,,Hydro Flask,,Website
N1097798,JP251412,JetPilot,JetPilot Kick On Layer Ladies Top - Black - 10,1,,JetPilot,,Website
MD2608192012254,9.32198E+12,Ocean & Earth,Ocean & Earth Tow Rope Handle,1,TSHA01,OceanEarth_2,,MyDeal
MD2708190657502,9.32198E+12,Ocean & Earth,Ocean & Earth Tow Rope Handle,1,TSHA01,OceanEarth_2,,MyDeal
MD2808190915138,9.32198E+12,Ocean & Earth,Ocean & Earth Mens Delux Wetsuit Bag (A),1,AMMC31-Assorted,OceanEarth_2,,MyDeal
N1098538,9.32198E+12,Ocean & Earth,Ocean & Earth Indo Stiff Peak Surf Hat M,1,,OceanEarth_2,please leave parcel at front door,Website
N1098540,9.32198E+12,Ocean & Earth,Ocean & Earth Big Mens Diamond Logo Singlet Black 4XL,2,,OceanEarth_2,,Website
N1098540,9.32198E+12,Ocean & Earth,Ocean & Earth Big Mens Diamond Logo Singlet Teal 4XL,2,,OceanEarth_2,,Website
N1098545,9.32198E+12,Ocean & Earth,Ocean & Earth 316 Stainless Quick Release Tow Surfing Hardware,1,TSHD02,OceanEarth_2,,eBay
N1098145,PD005001216,Spitfire,Spitfire Skateboard Wax Embers - Mini,1,,ProjectDistribution,,Website
N1098145,PD005016923,Spitfire,Spitfire Skateboard Wheel F4 99D Classic Swirl - 54Mm,1,,ProjectDistribution,,Website
N1098547,PD072006055,Primitive,Primitive Skateboard Deck High Society - 8.25,1,,ProjectDistribution,If no one is at home please leave parcel behind the side gate   Thank you,Website
N1098547,PD023016004,Form,Form Skateboard Wheel Pink - 52Mm,2,,ProjectDistribution,If no one is at home please leave parcel behind the side gate   Thank you,Website
N1098547,PD054009148,Grizzly,Grizzly Skateboard Grip Black - Sheet,1,,ProjectDistribution,If no one is at home please leave parcel behind the side gate   Thank you,Website
N1098547,PD013009002,Gold,Gold Skateboard Bolts 1 Inch - Phillips,1,,ProjectDistribution,If no one is at home please leave parcel behind the side gate   Thank you,Website
N1098541,9.33078E+12,ROJO,Rojo Women's Snow Nordic Snowflake Socks,1,W19RWFS1017.CBL,ROJO,,eBay
N1098541,9.33078E+12,ROJO,Rojo Women's Snow Marley Socks,1,W19RWFS1013.BFR,ROJO,,eBay
N1098542,9.33078E+12,ROJO,Rojo Women's Snow Snow Day Bib Pants Size S,1,W19RWOB4010TBL,ROJO,,Website
N1098588,9.33078E+12,ROJO,Rojo Women's Snow Adventure Awaits Pants Size M,1,W19RWOP1658GLI,ROJO,,Website
KOGAN-8969045,SP3342540815810,PETZL,Petzl Ok Screw Lock Carabiners Grey,1,"K168,M33ASL",Spelean,,Kogan Import
KOGAN-8969694,SP3342540102583,PETZL,Petzl Tikka/Tikkina Headband Lights Spares And Acc Black,1,"L370,E91001",Spelean,,Kogan Import
KOGAN-8969764,SP040818069820,THERMAREST,Thermarest Neoair Mini Pump Sleep Grey,1,"S249,06982",Spelean,,Kogan Import
KOGAN-8971624,SP8428927334886,BUFF,Buff Original Anira Graphite,1,"B001,AP,334886",Spelean,,Kogan Import
MD2608192042402,SP3342540106666,PETZL,Petzl Zipka Headlamp Red,1,"L370,E93ABB",Spelean,,MyDeal
MD2808190915167,SP3342540104716,PETZL,Petzl Reactik & Reactik + Rechargeable Battery,1,"L370,E922002",Spelean,,MyDeal
N1098501,SP642611000439,ROK STRAPS,Rok Straps Strap (25Mm) Straps Wide Black/Blue/Green Size 300Mm,5,"M660,250300",Spelean,,Control Panel
N1098530,SP8428927354044,BUFF,Buff Coolnet Uv+ Mossy Oak Mossy Oak Break Up Infinity,1,"B075,AP,354044",Spelean,,eBay
N1098552,SP8428927351135,BUFF,Buff Coolnet Uv+ Mash Turquoise,1,"B074,AP,351135",Spelean,,Website
N1098552,SP8428927052551,BUFF,Buff Lw Merino Wool Solid Tiznit Carmelita,1,"B008,AS,052551",Spelean,,Website
N1098556,SP040818058091,MSR,MSR Blizzard Stakes Red Size Kit/Pack,2,"T670,05809",Spelean,,Website
N1098560,SP040818031353,PLATYPUS,Platypus Gravityworks 4L Water Filter Gravity Filtration Clear,1,"M135,03135",Spelean,,eBay
N1098562,SP813040020910,SLACKLINE,Slackline Playline Zero Waste 15Mt Kits Orange,1,"G510,SI00550Z",Spelean,,Website
N1098574,SP040818058091,MSR,MSR Blizzard Stakes Red Size Kit/Pack,1,"T670,05809",Spelean,,Website
N1098588,SP8428927323477,BUFF,Buff High Uv Angler Guy Harvey Tossup,1,"B064,AP,323477",Spelean,,Website
N1098591,SP3342540102583,PETZL,Petzl Tikka/Tikkina Headband Lights Spares And Acc Black,1,"L370,E91001",Spelean,,Website
KOGAN-8966671,9.3293E+12,Carve,Carve Goblin Black/Green Iridium Polarized Unisex Sunglasses,1,"1868,01,n/a",The Whiteroom,,Kogan Import
MD2608191029312,9.3293E+12,Carve,Carve Vivian Tort Womens Sunglasses,1,"3310,01,n/a",The Whiteroom,,MyDeal
MD2708192320269,9.3293E+12,Carve,Carve Shady Deal Matt Black Mineral Mens Sunglasses,1,"8001,01,n/a",The Whiteroom,,MyDeal
N1098506,9.3293E+12,Carve,Carve Platinium Matt Black/Red Iridium Lens Goggles,1,"6030,01,n/a",The Whiteroom,,Website
N1098565,9.3293E+12,Carve,Carve Volley Matt Black Unisex Sunglasses,1,"3025,01,n/a",The Whiteroom,,Website
N1098589,9.3293E+12,Carve,Carve Excess White-Rose Lens-Pink/Yellow Iridium Goggles,1,"6100,01,n/a",The Whiteroom,,Website
N1098589,9.3293E+12,Carve,Carve First Tracks Cyan Orange Blue Iridium Goggles,1,"6025,01,n/a",The Whiteroom,,Website
N1098590,9.3293E+12,Carve,Carve Shady Deal Matt Black Polarized Mineral Mens Sunglasses,1,"8000,01,n/a",The Whiteroom,,eBay
N1098509,100108,Thule,Thule RideAlong Child Bike Seat (Zinnia),1,,Thule,"To be shipped to the billing address, will call to pay for shipping.",Website
KOGAN-8963077,PK001-NVY-14,XTM,XTM Kid Unisex Thermal Tops Kids Thermal Top Navy - 14,1,PK001-NVY,XTM,,Kogan Import
N1098440,LU002,XTM,XTM Adult Unisex Snow Cases/Covers/Bags Single Ski Bag 190cm Black - 190Cm,1,LU002-BLK,XTM,,Control Panel
N1098506,EM001-BLK-M,XTM,XTM Adult Male Gloves Cruise Hth Fleece M Glove Black - M,1,EM001-BLK,XTM,,Website
N1098523,HU054-BLK,XTM,XTM Adult Unisex Balaclavas Kenny Hood Black - One Size,1,HU054-BLK,XTM,,Website
N1098551,FL011-BRN-40,XTM,XTM Adult Female All Terrain Boots & Shoes Georgie Ladies Boot Brown - 40,1,FL011-BRN,XTM,,Website
N1098554,HU003-BLK,XTM,XTM Adult Unisex Balaclavas Pocket Balaclava Black - One Size,1,HU003-BLK,XTM,Leave at front door if no one home thank you,Website
N1098567,TL030-BLK-16,XTM,XTM Adult Female Snow Jackets Courcheval Ladies Jacket Black - 16,1,TL030-BLK,XTM,,Website
N1098569,TM029-BDM-M,XTM,XTM Adult Male Snow Jackets Mason Mens Jacket Black Denim - M,1,TM029-BDM,XTM,,Website
N1098582,TL032-BLF-10,XTM,XTM Adult Female Snow Jackets Pia Jacket Black Floral - 10,1,TL032-BLF,XTM,,Catch
N1098588,TL030-BLK-12,XTM,XTM Adult Female Snow Jackets Courcheval Ladies Jacket Black - 12,1,TL030-BLK,XTM,,Website
N1098589,GU003-BLK,XTM,XTM Adult Unisex Snow Goggles Force Double Lens Adults Goggle Black - One Size,1,GU003-BLK,XTM,,Website
KOGAN-8968778,XK1005727,Klean Kanteen,Klean Kanteen Insulated Tumbler 16oz (with Straw Lid) Juicy Pear   ,1,,"Zen Imports Pty Ltd,",,Kogan Import
KOGAN-8968778,XK1005728,Klean Kanteen,Klean Kanteen Insulated Tumbler 16oz (with Straw Lid) Emerald Bay   ,1,,"Zen Imports Pty Ltd,",,Kogan Import
KOGAN-8969307,XK1005726,Klean Kanteen,Klean Kanteen Insulated Tumbler 16oz (with Straw Lid) Shale Black   ,1,,"Zen Imports Pty Ltd,",,Kogan Import
KOGAN-8971484,XK1005705,Klean Kanteen,Klean Kanteen 12oz Classic Kid Sippy Cap Surfs Up   ,1,,"Zen Imports Pty Ltd,",,Kogan Import
KOGAN-8971484,XK1006526,Klean Kanteen,Klean Kanteen Kid Sippy Cap/for Kid Classic Azure   ,1,,"Zen Imports Pty Ltd,",,Kogan Import
KOGAN-8971968,XK1005695,Klean Kanteen,Klean Kanteen TKWide 64oz (with Wide Loop Cap) Brushed Stainless   ,1,,"Zen Imports Pty Ltd,",,Kogan Import
N1098505,XK1003113,Klean Kanteen,Klean Kanteen 32oz Water Bottle Insulated Classic Loop Shale Black   ,1,,"Zen Imports Pty Ltd,",,Website
N1098508,XK1003062,Klean Kanteen,Klean Kanteen 8oz Water Bottle Tumbler Insulated Shale Black   ,2,,"Zen Imports Pty Ltd,",,Website
N1098525,XNLHS03,Nite Ize,Nite Ize Lite Holster Stretch   ,1,,"Zen Imports Pty Ltd,",,eBay
N1098534,XNC9L0201,Nite Ize,Nite Ize Figure 9 Carabiner Large - Black   ,2,,"Zen Imports Pty Ltd,",,Website
N1098536,ZL7784,Ledlenser,Led Lenser Battery Pack/SEO headlamps (no cable)   ,1,,"Zen Imports Pty Ltd,",Leave at front door if necessary,Website
N1098548,WP737933,Primus,Primus Fuel Bottle 1.5L   ,1,,"Zen Imports Pty Ltd,","If no one at home, please leave the parcel inside the small cabinet with blue doors.",Website
N1098575,YLA934850,Leatherman,Leatherman Pocket Clip & Lanyard Ring for Charge/Wave/Surge   ,1,,"Zen Imports Pty Ltd,",,eBay
N1098584,WP721230,Primus,Primus StovePaw   ,1,,"Zen Imports Pty Ltd,",,Website
N1098587,XK1005683,Klean Kanteen,Klean Kanteen TKWide 20oz (with Cafe Cap) Brushed Stainless   ,1,,"Zen Imports Pty Ltd,",,Website
N1098587,XK1003084,Klean Kanteen,Klean Kanteen 27oz Water Bottle Classic Sport Cap Brushed Stainless   ,1,,"Zen Imports Pty Ltd,",,Website
N1098440,4maxwell,,Miscellanoueous,1,,,,Control Panel
